<?xml version="1.0" encoding="UTF-8"?>
<gpx version="1.1" creator="hereford-gravel-sep2026" xmlns="http://www.topografix.com/GPX/1/1">
<metadata><name>Hereford Gravel Sep2026 Day1</name><desc>Sherbrooke → North Hatley → Hatley → Coaticook → Camping Villette (CCW, official reverse gravel corridor)</desc></metadata>
<trk><name>Hereford Gravel Sep2026 Day1</name><trkseg>
<trkpt lat="45.396970" lon="-71.898570"><ele>182.9</ele></trkpt>
<trkpt lat="45.396690" lon="-71.898950"><ele>182.9</ele></trkpt>
<trkpt lat="45.396550" lon="-71.899160"><ele>182.9</ele></trkpt>
<trkpt lat="45.396470" lon="-71.899330"><ele>182.9</ele></trkpt>
<trkpt lat="45.396410" lon="-71.899480"><ele>182.9</ele></trkpt>
<trkpt lat="45.396340" lon="-71.899780"><ele>182.9</ele></trkpt>
<trkpt lat="45.396270" lon="-71.900080"><ele>182.9</ele></trkpt>
<trkpt lat="45.396210" lon="-71.900300"><ele>182.9</ele></trkpt>
<trkpt lat="45.396190" lon="-71.900390"><ele>182.9</ele></trkpt>
<trkpt lat="45.396140" lon="-71.900580"><ele>182.9</ele></trkpt>
<trkpt lat="45.396090" lon="-71.900940"><ele>182.9</ele></trkpt>
<trkpt lat="45.395940" lon="-71.901790"><ele>182.9</ele></trkpt>
<trkpt lat="45.395870" lon="-71.902210"><ele>182.9</ele></trkpt>
<trkpt lat="45.395810" lon="-71.902580"><ele>182.9</ele></trkpt>
<trkpt lat="45.395780" lon="-71.902830"><ele>182.9</ele></trkpt>
<trkpt lat="45.395760" lon="-71.903049"><ele>182.9</ele></trkpt>
<trkpt lat="45.395750" lon="-71.903380"><ele>182.9</ele></trkpt>
<trkpt lat="45.395710" lon="-71.903850"><ele>182.9</ele></trkpt>
<trkpt lat="45.395630" lon="-71.904439"><ele>182.9</ele></trkpt>
<trkpt lat="45.395590" lon="-71.904630"><ele>182.9</ele></trkpt>
<trkpt lat="45.395510" lon="-71.904850"><ele>182.9</ele></trkpt>
<trkpt lat="45.395430" lon="-71.905170"><ele>182.9</ele></trkpt>
<trkpt lat="45.395380" lon="-71.905450"><ele>182.9</ele></trkpt>
<trkpt lat="45.395359" lon="-71.905730"><ele>182.9</ele></trkpt>
<trkpt lat="45.395340" lon="-71.906030"><ele>182.9</ele></trkpt>
<trkpt lat="45.395320" lon="-71.906319"><ele>182.9</ele></trkpt>
<trkpt lat="45.395290" lon="-71.906540"><ele>182.9</ele></trkpt>
<trkpt lat="45.395290" lon="-71.906550"><ele>182.9</ele></trkpt>
<trkpt lat="45.395220" lon="-71.906830"><ele>182.9</ele></trkpt>
<trkpt lat="45.395110" lon="-71.907140"><ele>182.9</ele></trkpt>
<trkpt lat="45.395040" lon="-71.907410"><ele>182.9</ele></trkpt>
<trkpt lat="45.394970" lon="-71.907900"><ele>182.9</ele></trkpt>
<trkpt lat="45.394910" lon="-71.908320"><ele>183.0</ele></trkpt>
<trkpt lat="45.394850" lon="-71.908860"><ele>182.8</ele></trkpt>
<trkpt lat="45.394799" lon="-71.909580"><ele>182.9</ele></trkpt>
<trkpt lat="45.394740" lon="-71.909960"><ele>182.9</ele></trkpt>
<trkpt lat="45.394680" lon="-71.910290"><ele>182.9</ele></trkpt>
<trkpt lat="45.394590" lon="-71.910610"><ele>182.9</ele></trkpt>
<trkpt lat="45.394450" lon="-71.911100"><ele>182.9</ele></trkpt>
<trkpt lat="45.394390" lon="-71.911380"><ele>182.9</ele></trkpt>
<trkpt lat="45.394340" lon="-71.911680"><ele>182.9</ele></trkpt>
<trkpt lat="45.394340" lon="-71.911700"><ele>182.9</ele></trkpt>
<trkpt lat="45.394280" lon="-71.912060"><ele>182.9</ele></trkpt>
<trkpt lat="45.394230" lon="-71.912450"><ele>182.9</ele></trkpt>
<trkpt lat="45.394180" lon="-71.912760"><ele>182.9</ele></trkpt>
<trkpt lat="45.394100" lon="-71.913200"><ele>182.9</ele></trkpt>
<trkpt lat="45.394020" lon="-71.913690"><ele>182.9</ele></trkpt>
<trkpt lat="45.393970" lon="-71.913970"><ele>182.9</ele></trkpt>
<trkpt lat="45.393949" lon="-71.914120"><ele>182.9</ele></trkpt>
<trkpt lat="45.393930" lon="-71.914240"><ele>182.9</ele></trkpt>
<trkpt lat="45.393940" lon="-71.914400"><ele>182.9</ele></trkpt>
<trkpt lat="45.393949" lon="-71.914440"><ele>182.9</ele></trkpt>
<trkpt lat="45.393980" lon="-71.914570"><ele>182.9</ele></trkpt>
<trkpt lat="45.393990" lon="-71.914670"><ele>182.9</ele></trkpt>
<trkpt lat="45.393990" lon="-71.914880"><ele>182.9</ele></trkpt>
<trkpt lat="45.393949" lon="-71.915070"><ele>182.9</ele></trkpt>
<trkpt lat="45.393910" lon="-71.915190"><ele>182.9</ele></trkpt>
<trkpt lat="45.393900" lon="-71.915210"><ele>182.9</ele></trkpt>
<trkpt lat="45.393810" lon="-71.915440"><ele>182.9</ele></trkpt>
<trkpt lat="45.393770" lon="-71.915590"><ele>182.9</ele></trkpt>
<trkpt lat="45.393730" lon="-71.915899"><ele>182.9</ele></trkpt>
<trkpt lat="45.393659" lon="-71.916330"><ele>182.9</ele></trkpt>
<trkpt lat="45.393600" lon="-71.916820"><ele>182.9</ele></trkpt>
<trkpt lat="45.393569" lon="-71.917060"><ele>182.9</ele></trkpt>
<trkpt lat="45.393569" lon="-71.917100"><ele>182.9</ele></trkpt>
<trkpt lat="45.393569" lon="-71.917580"><ele>182.9</ele></trkpt>
<trkpt lat="45.393569" lon="-71.917580"><ele>182.9</ele></trkpt>
<trkpt lat="45.393600" lon="-71.918080"><ele>182.9</ele></trkpt>
<trkpt lat="45.393600" lon="-71.918200"><ele>182.9</ele></trkpt>
<trkpt lat="45.393590" lon="-71.918300"><ele>182.9</ele></trkpt>
<trkpt lat="45.393580" lon="-71.918370"><ele>182.9</ele></trkpt>
<trkpt lat="45.393560" lon="-71.918470"><ele>182.9</ele></trkpt>
<trkpt lat="45.393540" lon="-71.918560"><ele>182.9</ele></trkpt>
<trkpt lat="45.393520" lon="-71.918640"><ele>182.9</ele></trkpt>
<trkpt lat="45.393520" lon="-71.918730"><ele>182.9</ele></trkpt>
<trkpt lat="45.393530" lon="-71.918809"><ele>182.9</ele></trkpt>
<trkpt lat="45.393540" lon="-71.918830"><ele>182.9</ele></trkpt>
<trkpt lat="45.393550" lon="-71.918880"><ele>182.9</ele></trkpt>
<trkpt lat="45.393590" lon="-71.918970"><ele>182.9</ele></trkpt>
<trkpt lat="45.393620" lon="-71.919070"><ele>182.9</ele></trkpt>
<trkpt lat="45.393650" lon="-71.919190"><ele>182.9</ele></trkpt>
<trkpt lat="45.393680" lon="-71.919370"><ele>182.9</ele></trkpt>
<trkpt lat="45.393720" lon="-71.919510"><ele>182.9</ele></trkpt>
<trkpt lat="45.393760" lon="-71.919640"><ele>182.9</ele></trkpt>
<trkpt lat="45.393850" lon="-71.919880"><ele>182.9</ele></trkpt>
<trkpt lat="45.394080" lon="-71.920470"><ele>182.9</ele></trkpt>
<trkpt lat="45.394190" lon="-71.920750"><ele>182.9</ele></trkpt>
<trkpt lat="45.394200" lon="-71.920810"><ele>182.9</ele></trkpt>
<trkpt lat="45.394190" lon="-71.920850"><ele>182.9</ele></trkpt>
<trkpt lat="45.394170" lon="-71.920900"><ele>182.9</ele></trkpt>
<trkpt lat="45.394129" lon="-71.920930"><ele>182.9</ele></trkpt>
<trkpt lat="45.394129" lon="-71.920970"><ele>182.9</ele></trkpt>
<trkpt lat="45.394140" lon="-71.921010"><ele>182.9</ele></trkpt>
<trkpt lat="45.394190" lon="-71.921120"><ele>182.9</ele></trkpt>
<trkpt lat="45.394360" lon="-71.921520"><ele>182.9</ele></trkpt>
<trkpt lat="45.394450" lon="-71.921730"><ele>182.9</ele></trkpt>
<trkpt lat="45.394509" lon="-71.921860"><ele>182.9</ele></trkpt>
<trkpt lat="45.394740" lon="-71.922350"><ele>182.9</ele></trkpt>
<trkpt lat="45.395000" lon="-71.922860"><ele>182.9</ele></trkpt>
<trkpt lat="45.395180" lon="-71.923190"><ele>182.9</ele></trkpt>
<trkpt lat="45.395190" lon="-71.923200"><ele>182.9</ele></trkpt>
<trkpt lat="45.395380" lon="-71.923540"><ele>182.9</ele></trkpt>
<trkpt lat="45.395539" lon="-71.923790"><ele>182.9</ele></trkpt>
<trkpt lat="45.395720" lon="-71.924050"><ele>182.9</ele></trkpt>
<trkpt lat="45.396150" lon="-71.924670"><ele>182.9</ele></trkpt>
<trkpt lat="45.396400" lon="-71.925040"><ele>182.9</ele></trkpt>
<trkpt lat="45.396620" lon="-71.925380"><ele>182.9</ele></trkpt>
<trkpt lat="45.396810" lon="-71.925700"><ele>182.9</ele></trkpt>
<trkpt lat="45.397060" lon="-71.926210"><ele>182.9</ele></trkpt>
<trkpt lat="45.397180" lon="-71.926520"><ele>182.9</ele></trkpt>
<trkpt lat="45.397239" lon="-71.926720"><ele>182.9</ele></trkpt>
<trkpt lat="45.397270" lon="-71.926940"><ele>182.9</ele></trkpt>
<trkpt lat="45.397270" lon="-71.926970"><ele>182.9</ele></trkpt>
<trkpt lat="45.397320" lon="-71.927280"><ele>182.9</ele></trkpt>
<trkpt lat="45.397380" lon="-71.927690"><ele>182.9</ele></trkpt>
<trkpt lat="45.397380" lon="-71.927730"><ele>182.9</ele></trkpt>
<trkpt lat="45.397450" lon="-71.928150"><ele>182.9</ele></trkpt>
<trkpt lat="45.397480" lon="-71.928470"><ele>182.9</ele></trkpt>
<trkpt lat="45.397480" lon="-71.928740"><ele>182.9</ele></trkpt>
<trkpt lat="45.397480" lon="-71.928740"><ele>182.9</ele></trkpt>
<trkpt lat="45.397709" lon="-71.928710"><ele>182.9</ele></trkpt>
<trkpt lat="45.397709" lon="-71.928710"><ele>182.9</ele></trkpt>
<trkpt lat="45.397740" lon="-71.929509"><ele>182.9</ele></trkpt>
<trkpt lat="45.397700" lon="-71.930020"><ele>182.9</ele></trkpt>
<trkpt lat="45.397690" lon="-71.930280"><ele>182.9</ele></trkpt>
<trkpt lat="45.397640" lon="-71.930970"><ele>182.9</ele></trkpt>
<trkpt lat="45.397010" lon="-71.933990"><ele>182.9</ele></trkpt>
<trkpt lat="45.396440" lon="-71.936690"><ele>182.9</ele></trkpt>
<trkpt lat="45.396389" lon="-71.936930"><ele>182.9</ele></trkpt>
<trkpt lat="45.395740" lon="-71.940070"><ele>182.9</ele></trkpt>
<trkpt lat="45.395740" lon="-71.940070"><ele>182.9</ele></trkpt>
<trkpt lat="45.395770" lon="-71.940080"><ele>182.9</ele></trkpt>
<trkpt lat="45.395860" lon="-71.940080"><ele>182.9</ele></trkpt>
<trkpt lat="45.395860" lon="-71.940080"><ele>182.9</ele></trkpt>
<trkpt lat="45.395720" lon="-71.940800"><ele>182.9</ele></trkpt>
<trkpt lat="45.395600" lon="-71.941329"><ele>182.9</ele></trkpt>
<trkpt lat="45.395390" lon="-71.942310"><ele>182.9</ele></trkpt>
<trkpt lat="45.395269" lon="-71.942860"><ele>182.9</ele></trkpt>
<trkpt lat="45.395240" lon="-71.943029"><ele>182.9</ele></trkpt>
<trkpt lat="45.395240" lon="-71.943119"><ele>182.9</ele></trkpt>
<trkpt lat="45.395220" lon="-71.943209"><ele>182.9</ele></trkpt>
<trkpt lat="45.395200" lon="-71.943290"><ele>182.9</ele></trkpt>
<trkpt lat="45.395060" lon="-71.943930"><ele>182.9</ele></trkpt>
<trkpt lat="45.394830" lon="-71.945010"><ele>182.9</ele></trkpt>
<trkpt lat="45.394599" lon="-71.946240"><ele>182.9</ele></trkpt>
<trkpt lat="45.394410" lon="-71.947080"><ele>182.9</ele></trkpt>
<trkpt lat="45.394230" lon="-71.947610"><ele>183.0</ele></trkpt>
<trkpt lat="45.394220" lon="-71.947640"><ele>183.0</ele></trkpt>
<trkpt lat="45.393940" lon="-71.948280"><ele>182.9</ele></trkpt>
<trkpt lat="45.393800" lon="-71.948620"><ele>183.1</ele></trkpt>
<trkpt lat="45.393650" lon="-71.948900"><ele>183.3</ele></trkpt>
<trkpt lat="45.393520" lon="-71.949080"><ele>183.3</ele></trkpt>
<trkpt lat="45.393360" lon="-71.949310"><ele>183.2</ele></trkpt>
<trkpt lat="45.393170" lon="-71.949560"><ele>182.9</ele></trkpt>
<trkpt lat="45.393130" lon="-71.949610"><ele>182.9</ele></trkpt>
<trkpt lat="45.392960" lon="-71.949810"><ele>182.9</ele></trkpt>
<trkpt lat="45.392710" lon="-71.950070"><ele>183.1</ele></trkpt>
<trkpt lat="45.392570" lon="-71.950200"><ele>183.2</ele></trkpt>
<trkpt lat="45.392280" lon="-71.950470"><ele>183.6</ele></trkpt>
<trkpt lat="45.392270" lon="-71.950490"><ele>183.6</ele></trkpt>
<trkpt lat="45.391970" lon="-71.950770"><ele>183.9</ele></trkpt>
<trkpt lat="45.391940" lon="-71.950800"><ele>183.9</ele></trkpt>
<trkpt lat="45.391700" lon="-71.951100"><ele>184.1</ele></trkpt>
<trkpt lat="45.391500" lon="-71.951290"><ele>184.0</ele></trkpt>
<trkpt lat="45.391400" lon="-71.951380"><ele>183.9</ele></trkpt>
<trkpt lat="45.391330" lon="-71.951430"><ele>183.8</ele></trkpt>
<trkpt lat="45.391100" lon="-71.951669"><ele>183.5</ele></trkpt>
<trkpt lat="45.390970" lon="-71.951780"><ele>183.3</ele></trkpt>
<trkpt lat="45.390830" lon="-71.951910"><ele>183.2</ele></trkpt>
<trkpt lat="45.390800" lon="-71.951930"><ele>183.2</ele></trkpt>
<trkpt lat="45.390710" lon="-71.951950"><ele>183.0</ele></trkpt>
<trkpt lat="45.390659" lon="-71.951960"><ele>183.0</ele></trkpt>
<trkpt lat="45.390479" lon="-71.952130"><ele>183.0</ele></trkpt>
<trkpt lat="45.390470" lon="-71.952130"><ele>183.0</ele></trkpt>
<trkpt lat="45.390189" lon="-71.952400"><ele>182.9</ele></trkpt>
<trkpt lat="45.389980" lon="-71.952590"><ele>182.9</ele></trkpt>
<trkpt lat="45.389800" lon="-71.952740"><ele>182.9</ele></trkpt>
<trkpt lat="45.389690" lon="-71.952830"><ele>182.9</ele></trkpt>
<trkpt lat="45.389610" lon="-71.952940"><ele>182.9</ele></trkpt>
<trkpt lat="45.389570" lon="-71.953020"><ele>182.9</ele></trkpt>
<trkpt lat="45.389320" lon="-71.953329"><ele>182.9</ele></trkpt>
<trkpt lat="45.389200" lon="-71.953480"><ele>182.8</ele></trkpt>
<trkpt lat="45.389050" lon="-71.953660"><ele>182.9</ele></trkpt>
<trkpt lat="45.389050" lon="-71.953660"><ele>182.9</ele></trkpt>
<trkpt lat="45.389180" lon="-71.953390"><ele>182.8</ele></trkpt>
<trkpt lat="45.389210" lon="-71.953340"><ele>182.9</ele></trkpt>
<trkpt lat="45.389210" lon="-71.953300"><ele>182.9</ele></trkpt>
<trkpt lat="45.389180" lon="-71.953220"><ele>182.9</ele></trkpt>
<trkpt lat="45.389130" lon="-71.953149"><ele>182.9</ele></trkpt>
<trkpt lat="45.388970" lon="-71.952940"><ele>182.9</ele></trkpt>
<trkpt lat="45.388930" lon="-71.952930"><ele>182.9</ele></trkpt>
<trkpt lat="45.388850" lon="-71.952950"><ele>182.9</ele></trkpt>
<trkpt lat="45.388720" lon="-71.952980"><ele>182.9</ele></trkpt>
<trkpt lat="45.388430" lon="-71.953149"><ele>182.9</ele></trkpt>
<trkpt lat="45.388320" lon="-71.953220"><ele>182.9</ele></trkpt>
<trkpt lat="45.388250" lon="-71.953350"><ele>182.9</ele></trkpt>
<trkpt lat="45.388150" lon="-71.953540"><ele>182.9</ele></trkpt>
<trkpt lat="45.388020" lon="-71.953700"><ele>182.9</ele></trkpt>
<trkpt lat="45.387910" lon="-71.953840"><ele>182.9</ele></trkpt>
<trkpt lat="45.387850" lon="-71.953950"><ele>182.9</ele></trkpt>
<trkpt lat="45.387840" lon="-71.953970"><ele>182.9</ele></trkpt>
<trkpt lat="45.387659" lon="-71.954400"><ele>182.9</ele></trkpt>
<trkpt lat="45.387400" lon="-71.954980"><ele>182.9</ele></trkpt>
<trkpt lat="45.387380" lon="-71.955070"><ele>182.9</ele></trkpt>
<trkpt lat="45.387360" lon="-71.955140"><ele>182.9</ele></trkpt>
<trkpt lat="45.387260" lon="-71.955590"><ele>182.9</ele></trkpt>
<trkpt lat="45.387230" lon="-71.955760"><ele>182.9</ele></trkpt>
<trkpt lat="45.387200" lon="-71.955870"><ele>182.9</ele></trkpt>
<trkpt lat="45.387189" lon="-71.955940"><ele>182.9</ele></trkpt>
<trkpt lat="45.387160" lon="-71.956059"><ele>182.9</ele></trkpt>
<trkpt lat="45.387080" lon="-71.956320"><ele>183.0</ele></trkpt>
<trkpt lat="45.386950" lon="-71.956510"><ele>183.0</ele></trkpt>
<trkpt lat="45.386860" lon="-71.956630"><ele>183.0</ele></trkpt>
<trkpt lat="45.386680" lon="-71.956870"><ele>183.0</ele></trkpt>
<trkpt lat="45.386670" lon="-71.956880"><ele>183.0</ele></trkpt>
<trkpt lat="45.386360" lon="-71.957270"><ele>182.9</ele></trkpt>
<trkpt lat="45.386140" lon="-71.957490"><ele>183.1</ele></trkpt>
<trkpt lat="45.385890" lon="-71.957669"><ele>183.4</ele></trkpt>
<trkpt lat="45.385540" lon="-71.958000"><ele>183.8</ele></trkpt>
<trkpt lat="45.385180" lon="-71.958280"><ele>183.6</ele></trkpt>
<trkpt lat="45.385150" lon="-71.958300"><ele>183.6</ele></trkpt>
<trkpt lat="45.384839" lon="-71.958580"><ele>183.5</ele></trkpt>
<trkpt lat="45.384270" lon="-71.958940"><ele>183.5</ele></trkpt>
<trkpt lat="45.383910" lon="-71.959210"><ele>183.7</ele></trkpt>
<trkpt lat="45.383820" lon="-71.959270"><ele>183.7</ele></trkpt>
<trkpt lat="45.383770" lon="-71.959280"><ele>183.7</ele></trkpt>
<trkpt lat="45.383690" lon="-71.959280"><ele>183.6</ele></trkpt>
<trkpt lat="45.383640" lon="-71.959250"><ele>183.5</ele></trkpt>
<trkpt lat="45.383620" lon="-71.959250"><ele>183.4</ele></trkpt>
<trkpt lat="45.383610" lon="-71.959250"><ele>183.4</ele></trkpt>
<trkpt lat="45.383580" lon="-71.959260"><ele>183.4</ele></trkpt>
<trkpt lat="45.383530" lon="-71.959320"><ele>183.6</ele></trkpt>
<trkpt lat="45.383400" lon="-71.959560"><ele>184.4</ele></trkpt>
<trkpt lat="45.383330" lon="-71.959670"><ele>184.8</ele></trkpt>
<trkpt lat="45.383190" lon="-71.959770"><ele>184.9</ele></trkpt>
<trkpt lat="45.382920" lon="-71.959740"><ele>184.2</ele></trkpt>
<trkpt lat="45.382670" lon="-71.959750"><ele>183.6</ele></trkpt>
<trkpt lat="45.382560" lon="-71.959760"><ele>183.4</ele></trkpt>
<trkpt lat="45.382510" lon="-71.959780"><ele>183.4</ele></trkpt>
<trkpt lat="45.382340" lon="-71.959870"><ele>183.3</ele></trkpt>
<trkpt lat="45.382240" lon="-71.959940"><ele>183.3</ele></trkpt>
<trkpt lat="45.382180" lon="-71.959990"><ele>183.4</ele></trkpt>
<trkpt lat="45.382170" lon="-71.959999"><ele>183.4</ele></trkpt>
<trkpt lat="45.382060" lon="-71.960170"><ele>184.1</ele></trkpt>
<trkpt lat="45.381940" lon="-71.960370"><ele>185.1</ele></trkpt>
<trkpt lat="45.381790" lon="-71.960520"><ele>185.8</ele></trkpt>
<trkpt lat="45.381740" lon="-71.960579"><ele>186.0</ele></trkpt>
<trkpt lat="45.381580" lon="-71.960610"><ele>185.7</ele></trkpt>
<trkpt lat="45.381369" lon="-71.960840"><ele>186.1</ele></trkpt>
<trkpt lat="45.381170" lon="-71.961090"><ele>186.6</ele></trkpt>
<trkpt lat="45.381060" lon="-71.961200"><ele>186.8</ele></trkpt>
<trkpt lat="45.380890" lon="-71.961290"><ele>186.9</ele></trkpt>
<trkpt lat="45.380870" lon="-71.961300"><ele>186.9</ele></trkpt>
<trkpt lat="45.380540" lon="-71.961440"><ele>187.3</ele></trkpt>
<trkpt lat="45.380260" lon="-71.961550"><ele>187.9</ele></trkpt>
<trkpt lat="45.379420" lon="-71.961860"><ele>186.7</ele></trkpt>
<trkpt lat="45.379140" lon="-71.961920"><ele>185.7</ele></trkpt>
<trkpt lat="45.378970" lon="-71.961960"><ele>185.4</ele></trkpt>
<trkpt lat="45.378870" lon="-71.961990"><ele>185.4</ele></trkpt>
<trkpt lat="45.378530" lon="-71.962050"><ele>185.6</ele></trkpt>
<trkpt lat="45.378250" lon="-71.962050"><ele>185.9</ele></trkpt>
<trkpt lat="45.378130" lon="-71.962040"><ele>186.0</ele></trkpt>
<trkpt lat="45.378070" lon="-71.962059"><ele>186.3</ele></trkpt>
<trkpt lat="45.378040" lon="-71.962059"><ele>186.4</ele></trkpt>
<trkpt lat="45.377940" lon="-71.962070"><ele>186.7</ele></trkpt>
<trkpt lat="45.377750" lon="-71.962030"><ele>187.0</ele></trkpt>
<trkpt lat="45.377620" lon="-71.962020"><ele>187.3</ele></trkpt>
<trkpt lat="45.377570" lon="-71.961990"><ele>187.3</ele></trkpt>
<trkpt lat="45.377519" lon="-71.961890"><ele>187.0</ele></trkpt>
<trkpt lat="45.376990" lon="-71.961780"><ele>187.3</ele></trkpt>
<trkpt lat="45.376810" lon="-71.961740"><ele>187.0</ele></trkpt>
<trkpt lat="45.376660" lon="-71.961710"><ele>186.8</ele></trkpt>
<trkpt lat="45.376640" lon="-71.961710"><ele>186.8</ele></trkpt>
<trkpt lat="45.376399" lon="-71.961740"><ele>186.7</ele></trkpt>
<trkpt lat="45.375960" lon="-71.961830"><ele>186.6</ele></trkpt>
<trkpt lat="45.375920" lon="-71.961840"><ele>186.6</ele></trkpt>
<trkpt lat="45.375570" lon="-71.961960"><ele>186.8</ele></trkpt>
<trkpt lat="45.375220" lon="-71.962070"><ele>186.9</ele></trkpt>
<trkpt lat="45.375220" lon="-71.962070"><ele>186.9</ele></trkpt>
<trkpt lat="45.375220" lon="-71.961910"><ele>186.1</ele></trkpt>
<trkpt lat="45.375220" lon="-71.961840"><ele>185.8</ele></trkpt>
<trkpt lat="45.375230" lon="-71.961330"><ele>183.9</ele></trkpt>
<trkpt lat="45.375230" lon="-71.961280"><ele>183.8</ele></trkpt>
<trkpt lat="45.375220" lon="-71.961160"><ele>183.5</ele></trkpt>
<trkpt lat="45.375210" lon="-71.961090"><ele>183.3</ele></trkpt>
<trkpt lat="45.375210" lon="-71.961080"><ele>183.3</ele></trkpt>
<trkpt lat="45.375190" lon="-71.961029"><ele>183.2</ele></trkpt>
<trkpt lat="45.375140" lon="-71.960980"><ele>183.1</ele></trkpt>
<trkpt lat="45.375090" lon="-71.960939"><ele>183.1</ele></trkpt>
<trkpt lat="45.375070" lon="-71.960939"><ele>183.0</ele></trkpt>
<trkpt lat="45.375000" lon="-71.960930"><ele>183.0</ele></trkpt>
<trkpt lat="45.374890" lon="-71.960910"><ele>183.0</ele></trkpt>
<trkpt lat="45.374710" lon="-71.960880"><ele>182.9</ele></trkpt>
<trkpt lat="45.374640" lon="-71.960870"><ele>182.9</ele></trkpt>
<trkpt lat="45.374380" lon="-71.960830"><ele>182.9</ele></trkpt>
<trkpt lat="45.374350" lon="-71.960830"><ele>182.9</ele></trkpt>
<trkpt lat="45.374230" lon="-71.960820"><ele>182.9</ele></trkpt>
<trkpt lat="45.374140" lon="-71.960820"><ele>182.9</ele></trkpt>
<trkpt lat="45.374020" lon="-71.960870"><ele>182.9</ele></trkpt>
<trkpt lat="45.373959" lon="-71.960900"><ele>182.9</ele></trkpt>
<trkpt lat="45.373890" lon="-71.960960"><ele>182.9</ele></trkpt>
<trkpt lat="45.373850" lon="-71.961020"><ele>182.9</ele></trkpt>
<trkpt lat="45.373810" lon="-71.961070"><ele>182.9</ele></trkpt>
<trkpt lat="45.373790" lon="-71.961130"><ele>182.9</ele></trkpt>
<trkpt lat="45.373779" lon="-71.961200"><ele>182.9</ele></trkpt>
<trkpt lat="45.373779" lon="-71.961250"><ele>182.9</ele></trkpt>
<trkpt lat="45.373770" lon="-71.961300"><ele>182.9</ele></trkpt>
<trkpt lat="45.373779" lon="-71.961550"><ele>182.9</ele></trkpt>
<trkpt lat="45.373790" lon="-71.961720"><ele>182.9</ele></trkpt>
<trkpt lat="45.373800" lon="-71.961930"><ele>183.3</ele></trkpt>
<trkpt lat="45.373790" lon="-71.962010"><ele>183.4</ele></trkpt>
<trkpt lat="45.373790" lon="-71.962070"><ele>183.5</ele></trkpt>
<trkpt lat="45.373790" lon="-71.962180"><ele>183.8</ele></trkpt>
<trkpt lat="45.373779" lon="-71.962280"><ele>184.1</ele></trkpt>
<trkpt lat="45.373750" lon="-71.962340"><ele>184.2</ele></trkpt>
<trkpt lat="45.373720" lon="-71.962390"><ele>184.3</ele></trkpt>
<trkpt lat="45.373660" lon="-71.962440"><ele>184.3</ele></trkpt>
<trkpt lat="45.373650" lon="-71.962440"><ele>184.3</ele></trkpt>
<trkpt lat="45.373579" lon="-71.962490"><ele>184.3</ele></trkpt>
<trkpt lat="45.373420" lon="-71.962610"><ele>184.3</ele></trkpt>
<trkpt lat="45.373340" lon="-71.962680"><ele>184.3</ele></trkpt>
<trkpt lat="45.373260" lon="-71.962750"><ele>184.3</ele></trkpt>
<trkpt lat="45.373200" lon="-71.962780"><ele>184.2</ele></trkpt>
<trkpt lat="45.373170" lon="-71.962780"><ele>184.2</ele></trkpt>
<trkpt lat="45.373150" lon="-71.962780"><ele>184.1</ele></trkpt>
<trkpt lat="45.373109" lon="-71.962780"><ele>184.0</ele></trkpt>
<trkpt lat="45.373060" lon="-71.962740"><ele>183.8</ele></trkpt>
<trkpt lat="45.373019" lon="-71.962700"><ele>183.7</ele></trkpt>
<trkpt lat="45.373019" lon="-71.962680"><ele>183.6</ele></trkpt>
<trkpt lat="45.372990" lon="-71.962630"><ele>183.5</ele></trkpt>
<trkpt lat="45.372970" lon="-71.962549"><ele>183.4</ele></trkpt>
<trkpt lat="45.372929" lon="-71.962420"><ele>183.2</ele></trkpt>
<trkpt lat="45.372890" lon="-71.962320"><ele>183.1</ele></trkpt>
<trkpt lat="45.372810" lon="-71.962210"><ele>183.0</ele></trkpt>
<trkpt lat="45.372730" lon="-71.962150"><ele>182.9</ele></trkpt>
<trkpt lat="45.372650" lon="-71.962100"><ele>182.9</ele></trkpt>
<trkpt lat="45.372600" lon="-71.962070"><ele>182.9</ele></trkpt>
<trkpt lat="45.372510" lon="-71.962059"><ele>182.9</ele></trkpt>
<trkpt lat="45.372510" lon="-71.962059"><ele>182.9</ele></trkpt>
<trkpt lat="45.372330" lon="-71.962260"><ele>182.9</ele></trkpt>
<trkpt lat="45.372120" lon="-71.962500"><ele>182.9</ele></trkpt>
<trkpt lat="45.371790" lon="-71.962900"><ele>182.9</ele></trkpt>
<trkpt lat="45.371490" lon="-71.963290"><ele>182.9</ele></trkpt>
<trkpt lat="45.371380" lon="-71.963430"><ele>182.9</ele></trkpt>
<trkpt lat="45.371080" lon="-71.963790"><ele>182.9</ele></trkpt>
<trkpt lat="45.370869" lon="-71.964060"><ele>182.9</ele></trkpt>
<trkpt lat="45.370830" lon="-71.964100"><ele>182.9</ele></trkpt>
<trkpt lat="45.370550" lon="-71.964410"><ele>182.8</ele></trkpt>
<trkpt lat="45.370530" lon="-71.964429"><ele>182.8</ele></trkpt>
<trkpt lat="45.370399" lon="-71.964560"><ele>182.8</ele></trkpt>
<trkpt lat="45.370360" lon="-71.964600"><ele>182.8</ele></trkpt>
<trkpt lat="45.370100" lon="-71.964840"><ele>182.9</ele></trkpt>
<trkpt lat="45.370040" lon="-71.964900"><ele>182.9</ele></trkpt>
<trkpt lat="45.369830" lon="-71.965120"><ele>183.0</ele></trkpt>
<trkpt lat="45.369810" lon="-71.965140"><ele>183.0</ele></trkpt>
<trkpt lat="45.369760" lon="-71.965180"><ele>183.0</ele></trkpt>
<trkpt lat="45.369700" lon="-71.965250"><ele>183.0</ele></trkpt>
<trkpt lat="45.369670" lon="-71.965300"><ele>183.0</ele></trkpt>
<trkpt lat="45.369650" lon="-71.965320"><ele>183.0</ele></trkpt>
<trkpt lat="45.369620" lon="-71.965369"><ele>183.0</ele></trkpt>
<trkpt lat="45.369610" lon="-71.965420"><ele>183.0</ele></trkpt>
<trkpt lat="45.369600" lon="-71.965470"><ele>183.1</ele></trkpt>
<trkpt lat="45.369600" lon="-71.965520"><ele>183.1</ele></trkpt>
<trkpt lat="45.369600" lon="-71.965590"><ele>183.3</ele></trkpt>
<trkpt lat="45.369600" lon="-71.965660"><ele>183.4</ele></trkpt>
<trkpt lat="45.369600" lon="-71.965710"><ele>183.5</ele></trkpt>
<trkpt lat="45.369600" lon="-71.965729"><ele>183.5</ele></trkpt>
<trkpt lat="45.369570" lon="-71.965770"><ele>183.6</ele></trkpt>
<trkpt lat="45.369570" lon="-71.965770"><ele>183.6</ele></trkpt>
<trkpt lat="45.369430" lon="-71.965800"><ele>183.4</ele></trkpt>
<trkpt lat="45.369360" lon="-71.965810"><ele>183.3</ele></trkpt>
<trkpt lat="45.369220" lon="-71.965840"><ele>183.2</ele></trkpt>
<trkpt lat="45.369000" lon="-71.965909"><ele>183.2</ele></trkpt>
<trkpt lat="45.368830" lon="-71.965940"><ele>183.2</ele></trkpt>
<trkpt lat="45.368800" lon="-71.965950"><ele>183.2</ele></trkpt>
<trkpt lat="45.368580" lon="-71.965980"><ele>183.3</ele></trkpt>
<trkpt lat="45.368330" lon="-71.965990"><ele>183.3</ele></trkpt>
<trkpt lat="45.368300" lon="-71.965990"><ele>183.3</ele></trkpt>
<trkpt lat="45.368070" lon="-71.965990"><ele>183.3</ele></trkpt>
<trkpt lat="45.367940" lon="-71.965980"><ele>183.3</ele></trkpt>
<trkpt lat="45.367579" lon="-71.965970"><ele>183.3</ele></trkpt>
<trkpt lat="45.367470" lon="-71.965970"><ele>183.3</ele></trkpt>
<trkpt lat="45.367260" lon="-71.965950"><ele>183.2</ele></trkpt>
<trkpt lat="45.367040" lon="-71.965970"><ele>183.2</ele></trkpt>
<trkpt lat="45.366940" lon="-71.965980"><ele>183.2</ele></trkpt>
<trkpt lat="45.366860" lon="-71.965990"><ele>183.2</ele></trkpt>
<trkpt lat="45.366790" lon="-71.965999"><ele>183.2</ele></trkpt>
<trkpt lat="45.366690" lon="-71.966030"><ele>183.2</ele></trkpt>
<trkpt lat="45.366590" lon="-71.966050"><ele>183.2</ele></trkpt>
<trkpt lat="45.366510" lon="-71.966080"><ele>183.2</ele></trkpt>
<trkpt lat="45.366340" lon="-71.966130"><ele>183.1</ele></trkpt>
<trkpt lat="45.365920" lon="-71.966260"><ele>182.8</ele></trkpt>
<trkpt lat="45.365810" lon="-71.966290"><ele>182.8</ele></trkpt>
<trkpt lat="45.365640" lon="-71.966340"><ele>182.9</ele></trkpt>
<trkpt lat="45.365620" lon="-71.966350"><ele>182.9</ele></trkpt>
<trkpt lat="45.364759" lon="-71.966600"><ele>182.9</ele></trkpt>
<trkpt lat="45.363530" lon="-71.966960"><ele>183.5</ele></trkpt>
<trkpt lat="45.363360" lon="-71.967020"><ele>183.5</ele></trkpt>
<trkpt lat="45.363030" lon="-71.967110"><ele>183.7</ele></trkpt>
<trkpt lat="45.362830" lon="-71.967170"><ele>183.8</ele></trkpt>
<trkpt lat="45.362680" lon="-71.967220"><ele>183.9</ele></trkpt>
<trkpt lat="45.362660" lon="-71.967230"><ele>184.0</ele></trkpt>
<trkpt lat="45.362490" lon="-71.967300"><ele>184.1</ele></trkpt>
<trkpt lat="45.362340" lon="-71.967360"><ele>184.0</ele></trkpt>
<trkpt lat="45.362200" lon="-71.967460"><ele>184.0</ele></trkpt>
<trkpt lat="45.362150" lon="-71.967490"><ele>184.0</ele></trkpt>
<trkpt lat="45.362100" lon="-71.967530"><ele>184.0</ele></trkpt>
<trkpt lat="45.362020" lon="-71.967600"><ele>184.0</ele></trkpt>
<trkpt lat="45.362000" lon="-71.967620"><ele>184.0</ele></trkpt>
<trkpt lat="45.361950" lon="-71.967670"><ele>184.0</ele></trkpt>
<trkpt lat="45.361849" lon="-71.967780"><ele>184.0</ele></trkpt>
<trkpt lat="45.361759" lon="-71.967900"><ele>184.0</ele></trkpt>
<trkpt lat="45.361650" lon="-71.968040"><ele>184.0</ele></trkpt>
<trkpt lat="45.361600" lon="-71.968120"><ele>184.1</ele></trkpt>
<trkpt lat="45.361570" lon="-71.968150"><ele>184.1</ele></trkpt>
<trkpt lat="45.361500" lon="-71.968260"><ele>184.2</ele></trkpt>
<trkpt lat="45.361400" lon="-71.968400"><ele>184.2</ele></trkpt>
<trkpt lat="45.361289" lon="-71.968570"><ele>184.4</ele></trkpt>
<trkpt lat="45.361190" lon="-71.968720"><ele>184.5</ele></trkpt>
<trkpt lat="45.360850" lon="-71.969210"><ele>184.9</ele></trkpt>
<trkpt lat="45.360330" lon="-71.969980"><ele>185.0</ele></trkpt>
<trkpt lat="45.359900" lon="-71.970609"><ele>185.5</ele></trkpt>
<trkpt lat="45.359770" lon="-71.970800"><ele>185.5</ele></trkpt>
<trkpt lat="45.359630" lon="-71.971000"><ele>185.4</ele></trkpt>
<trkpt lat="45.359420" lon="-71.971320"><ele>185.2</ele></trkpt>
<trkpt lat="45.359280" lon="-71.971540"><ele>185.1</ele></trkpt>
<trkpt lat="45.359130" lon="-71.971780"><ele>185.1</ele></trkpt>
<trkpt lat="45.359050" lon="-71.971910"><ele>185.1</ele></trkpt>
<trkpt lat="45.358950" lon="-71.972090"><ele>185.2</ele></trkpt>
<trkpt lat="45.358930" lon="-71.972130"><ele>185.2</ele></trkpt>
<trkpt lat="45.358860" lon="-71.972300"><ele>185.3</ele></trkpt>
<trkpt lat="45.358790" lon="-71.972550"><ele>185.4</ele></trkpt>
<trkpt lat="45.358720" lon="-71.972840"><ele>185.4</ele></trkpt>
<trkpt lat="45.358630" lon="-71.973180"><ele>185.2</ele></trkpt>
<trkpt lat="45.358560" lon="-71.973500"><ele>185.2</ele></trkpt>
<trkpt lat="45.358490" lon="-71.973789"><ele>185.3</ele></trkpt>
<trkpt lat="45.358430" lon="-71.974050"><ele>185.4</ele></trkpt>
<trkpt lat="45.358420" lon="-71.974070"><ele>185.3</ele></trkpt>
<trkpt lat="45.358310" lon="-71.974530"><ele>185.1</ele></trkpt>
<trkpt lat="45.358300" lon="-71.974570"><ele>185.1</ele></trkpt>
<trkpt lat="45.358250" lon="-71.974770"><ele>184.9</ele></trkpt>
<trkpt lat="45.358240" lon="-71.974800"><ele>184.8</ele></trkpt>
<trkpt lat="45.358199" lon="-71.975020"><ele>184.7</ele></trkpt>
<trkpt lat="45.358140" lon="-71.975300"><ele>184.6</ele></trkpt>
<trkpt lat="45.358130" lon="-71.975330"><ele>184.6</ele></trkpt>
<trkpt lat="45.358050" lon="-71.975680"><ele>184.4</ele></trkpt>
<trkpt lat="45.357930" lon="-71.976230"><ele>184.1</ele></trkpt>
<trkpt lat="45.357920" lon="-71.976270"><ele>184.0</ele></trkpt>
<trkpt lat="45.357810" lon="-71.976760"><ele>184.3</ele></trkpt>
<trkpt lat="45.357770" lon="-71.976960"><ele>184.6</ele></trkpt>
<trkpt lat="45.357700" lon="-71.977250"><ele>184.9</ele></trkpt>
<trkpt lat="45.357620" lon="-71.977620"><ele>184.9</ele></trkpt>
<trkpt lat="45.357510" lon="-71.978070"><ele>184.4</ele></trkpt>
<trkpt lat="45.357480" lon="-71.978219"><ele>184.1</ele></trkpt>
<trkpt lat="45.357460" lon="-71.978340"><ele>183.9</ele></trkpt>
<trkpt lat="45.357420" lon="-71.978540"><ele>183.3</ele></trkpt>
<trkpt lat="45.357410" lon="-71.978690"><ele>183.1</ele></trkpt>
<trkpt lat="45.357410" lon="-71.978690"><ele>183.1</ele></trkpt>
<trkpt lat="45.357360" lon="-71.978720"><ele>182.7</ele></trkpt>
<trkpt lat="45.357330" lon="-71.978760"><ele>182.4</ele></trkpt>
<trkpt lat="45.357310" lon="-71.978800"><ele>182.3</ele></trkpt>
<trkpt lat="45.357300" lon="-71.978850"><ele>182.2</ele></trkpt>
<trkpt lat="45.357259" lon="-71.979130"><ele>182.5</ele></trkpt>
<trkpt lat="45.357210" lon="-71.979360"><ele>183.0</ele></trkpt>
<trkpt lat="45.357020" lon="-71.980350"><ele>185.0</ele></trkpt>
<trkpt lat="45.357010" lon="-71.980400"><ele>185.0</ele></trkpt>
<trkpt lat="45.356879" lon="-71.980820"><ele>184.3</ele></trkpt>
<trkpt lat="45.356870" lon="-71.980830"><ele>184.3</ele></trkpt>
<trkpt lat="45.356400" lon="-71.981850"><ele>184.0</ele></trkpt>
<trkpt lat="45.355980" lon="-71.982740"><ele>185.0</ele></trkpt>
<trkpt lat="45.355849" lon="-71.983050"><ele>184.2</ele></trkpt>
<trkpt lat="45.355810" lon="-71.983180"><ele>184.0</ele></trkpt>
<trkpt lat="45.355530" lon="-71.983960"><ele>184.0</ele></trkpt>
<trkpt lat="45.355420" lon="-71.984290"><ele>184.3</ele></trkpt>
<trkpt lat="45.355360" lon="-71.984410"><ele>184.3</ele></trkpt>
<trkpt lat="45.355310" lon="-71.984520"><ele>184.3</ele></trkpt>
<trkpt lat="45.355220" lon="-71.984690"><ele>184.1</ele></trkpt>
<trkpt lat="45.355150" lon="-71.984880"><ele>184.0</ele></trkpt>
<trkpt lat="45.354990" lon="-71.985290"><ele>184.2</ele></trkpt>
<trkpt lat="45.354950" lon="-71.985380"><ele>184.3</ele></trkpt>
<trkpt lat="45.354850" lon="-71.985670"><ele>185.0</ele></trkpt>
<trkpt lat="45.354780" lon="-71.985830"><ele>185.4</ele></trkpt>
<trkpt lat="45.354730" lon="-71.985930"><ele>185.6</ele></trkpt>
<trkpt lat="45.354570" lon="-71.986250"><ele>186.5</ele></trkpt>
<trkpt lat="45.354490" lon="-71.986420"><ele>187.0</ele></trkpt>
<trkpt lat="45.354420" lon="-71.986580"><ele>187.6</ele></trkpt>
<trkpt lat="45.354340" lon="-71.986770"><ele>188.5</ele></trkpt>
<trkpt lat="45.354310" lon="-71.986850"><ele>188.8</ele></trkpt>
<trkpt lat="45.354290" lon="-71.986920"><ele>189.2</ele></trkpt>
<trkpt lat="45.354280" lon="-71.986970"><ele>189.5</ele></trkpt>
<trkpt lat="45.354280" lon="-71.987050"><ele>190.1</ele></trkpt>
<trkpt lat="45.354280" lon="-71.987050"><ele>190.1</ele></trkpt>
<trkpt lat="45.354130" lon="-71.987150"><ele>189.9</ele></trkpt>
<trkpt lat="45.354000" lon="-71.987219"><ele>189.7</ele></trkpt>
<trkpt lat="45.353870" lon="-71.987280"><ele>189.5</ele></trkpt>
<trkpt lat="45.353800" lon="-71.987309"><ele>189.4</ele></trkpt>
<trkpt lat="45.353730" lon="-71.987340"><ele>189.2</ele></trkpt>
<trkpt lat="45.353570" lon="-71.987420"><ele>189.0</ele></trkpt>
<trkpt lat="45.353460" lon="-71.987489"><ele>189.0</ele></trkpt>
<trkpt lat="45.353130" lon="-71.987710"><ele>189.0</ele></trkpt>
<trkpt lat="45.352930" lon="-71.987840"><ele>188.9</ele></trkpt>
<trkpt lat="45.352690" lon="-71.988000"><ele>188.9</ele></trkpt>
<trkpt lat="45.352420" lon="-71.988180"><ele>189.0</ele></trkpt>
<trkpt lat="45.352320" lon="-71.988240"><ele>189.1</ele></trkpt>
<trkpt lat="45.352160" lon="-71.988350"><ele>189.2</ele></trkpt>
<trkpt lat="45.351920" lon="-71.988500"><ele>189.5</ele></trkpt>
<trkpt lat="45.351660" lon="-71.988660"><ele>190.1</ele></trkpt>
<trkpt lat="45.351640" lon="-71.988680"><ele>190.2</ele></trkpt>
<trkpt lat="45.351340" lon="-71.988880"><ele>191.3</ele></trkpt>
<trkpt lat="45.351059" lon="-71.989070"><ele>192.2</ele></trkpt>
<trkpt lat="45.350860" lon="-71.989210"><ele>193.0</ele></trkpt>
<trkpt lat="45.350850" lon="-71.989220"><ele>193.0</ele></trkpt>
<trkpt lat="45.350710" lon="-71.989310"><ele>193.6</ele></trkpt>
<trkpt lat="45.350360" lon="-71.989540"><ele>195.0</ele></trkpt>
<trkpt lat="45.350230" lon="-71.989630"><ele>195.6</ele></trkpt>
<trkpt lat="45.350100" lon="-71.989740"><ele>196.2</ele></trkpt>
<trkpt lat="45.350060" lon="-71.989769"><ele>196.4</ele></trkpt>
<trkpt lat="45.349970" lon="-71.989850"><ele>196.9</ele></trkpt>
<trkpt lat="45.349890" lon="-71.989920"><ele>197.3</ele></trkpt>
<trkpt lat="45.349610" lon="-71.990170"><ele>198.6</ele></trkpt>
<trkpt lat="45.349490" lon="-71.990340"><ele>199.4</ele></trkpt>
<trkpt lat="45.349290" lon="-71.990660"><ele>200.9</ele></trkpt>
<trkpt lat="45.349130" lon="-71.990930"><ele>202.3</ele></trkpt>
<trkpt lat="45.348920" lon="-71.991270"><ele>204.1</ele></trkpt>
<trkpt lat="45.348709" lon="-71.991600"><ele>205.8</ele></trkpt>
<trkpt lat="45.348580" lon="-71.991770"><ele>206.6</ele></trkpt>
<trkpt lat="45.348580" lon="-71.991770"><ele>206.6</ele></trkpt>
<trkpt lat="45.348570" lon="-71.991630"><ele>206.1</ele></trkpt>
<trkpt lat="45.348550" lon="-71.991380"><ele>205.4</ele></trkpt>
<trkpt lat="45.348550" lon="-71.991370"><ele>205.4</ele></trkpt>
<trkpt lat="45.348529" lon="-71.991180"><ele>204.8</ele></trkpt>
<trkpt lat="45.348500" lon="-71.990870"><ele>203.8</ele></trkpt>
<trkpt lat="45.348500" lon="-71.990820"><ele>203.7</ele></trkpt>
<trkpt lat="45.348470" lon="-71.990540"><ele>202.8</ele></trkpt>
<trkpt lat="45.348420" lon="-71.990120"><ele>201.6</ele></trkpt>
<trkpt lat="45.348390" lon="-71.989820"><ele>201.1</ele></trkpt>
<trkpt lat="45.348370" lon="-71.989660"><ele>201.0</ele></trkpt>
<trkpt lat="45.348340" lon="-71.989510"><ele>200.9</ele></trkpt>
<trkpt lat="45.348310" lon="-71.989380"><ele>200.9</ele></trkpt>
<trkpt lat="45.348280" lon="-71.989230"><ele>200.8</ele></trkpt>
<trkpt lat="45.348239" lon="-71.989099"><ele>200.9</ele></trkpt>
<trkpt lat="45.348180" lon="-71.988890"><ele>200.9</ele></trkpt>
<trkpt lat="45.348080" lon="-71.988580"><ele>201.3</ele></trkpt>
<trkpt lat="45.348020" lon="-71.988429"><ele>201.8</ele></trkpt>
<trkpt lat="45.347980" lon="-71.988330"><ele>202.1</ele></trkpt>
<trkpt lat="45.347930" lon="-71.988220"><ele>202.7</ele></trkpt>
<trkpt lat="45.347900" lon="-71.988170"><ele>203.0</ele></trkpt>
<trkpt lat="45.347760" lon="-71.987900"><ele>204.4</ele></trkpt>
<trkpt lat="45.347700" lon="-71.987810"><ele>204.9</ele></trkpt>
<trkpt lat="45.347620" lon="-71.987680"><ele>205.6</ele></trkpt>
<trkpt lat="45.347470" lon="-71.987460"><ele>206.7</ele></trkpt>
<trkpt lat="45.347460" lon="-71.987440"><ele>206.7</ele></trkpt>
<trkpt lat="45.347270" lon="-71.987160"><ele>208.1</ele></trkpt>
<trkpt lat="45.347209" lon="-71.987070"><ele>208.5</ele></trkpt>
<trkpt lat="45.347020" lon="-71.986820"><ele>209.8</ele></trkpt>
<trkpt lat="45.346950" lon="-71.986720"><ele>210.3</ele></trkpt>
<trkpt lat="45.346820" lon="-71.986540"><ele>211.2</ele></trkpt>
<trkpt lat="45.346820" lon="-71.986540"><ele>211.2</ele></trkpt>
<trkpt lat="45.346620" lon="-71.986830"><ele>211.6</ele></trkpt>
<trkpt lat="45.346600" lon="-71.986859"><ele>211.7</ele></trkpt>
<trkpt lat="45.346400" lon="-71.987280"><ele>211.6</ele></trkpt>
<trkpt lat="45.346310" lon="-71.987460"><ele>211.6</ele></trkpt>
<trkpt lat="45.346100" lon="-71.987920"><ele>211.7</ele></trkpt>
<trkpt lat="45.346060" lon="-71.988020"><ele>211.8</ele></trkpt>
<trkpt lat="45.345870" lon="-71.988360"><ele>211.8</ele></trkpt>
<trkpt lat="45.345780" lon="-71.988540"><ele>211.6</ele></trkpt>
<trkpt lat="45.345650" lon="-71.988720"><ele>211.4</ele></trkpt>
<trkpt lat="45.345580" lon="-71.988829"><ele>211.2</ele></trkpt>
<trkpt lat="45.345510" lon="-71.988840"><ele>211.1</ele></trkpt>
<trkpt lat="45.345330" lon="-71.988880"><ele>210.9</ele></trkpt>
<trkpt lat="45.345320" lon="-71.988890"><ele>210.8</ele></trkpt>
<trkpt lat="45.345110" lon="-71.988840"><ele>210.6</ele></trkpt>
<trkpt lat="45.345010" lon="-71.988740"><ele>210.6</ele></trkpt>
<trkpt lat="45.344860" lon="-71.988540"><ele>210.6</ele></trkpt>
<trkpt lat="45.344769" lon="-71.988339"><ele>210.7</ele></trkpt>
<trkpt lat="45.344730" lon="-71.988260"><ele>210.8</ele></trkpt>
<trkpt lat="45.344700" lon="-71.988100"><ele>211.0</ele></trkpt>
<trkpt lat="45.344670" lon="-71.987870"><ele>211.2</ele></trkpt>
<trkpt lat="45.344670" lon="-71.987850"><ele>211.2</ele></trkpt>
<trkpt lat="45.344660" lon="-71.987340"><ele>211.7</ele></trkpt>
<trkpt lat="45.344650" lon="-71.987280"><ele>211.7</ele></trkpt>
<trkpt lat="45.344640" lon="-71.986350"><ele>212.1</ele></trkpt>
<trkpt lat="45.344640" lon="-71.986060"><ele>212.3</ele></trkpt>
<trkpt lat="45.344640" lon="-71.985960"><ele>212.4</ele></trkpt>
<trkpt lat="45.344620" lon="-71.985650"><ele>212.6</ele></trkpt>
<trkpt lat="45.344600" lon="-71.985540"><ele>212.6</ele></trkpt>
<trkpt lat="45.344560" lon="-71.985490"><ele>212.6</ele></trkpt>
<trkpt lat="45.344499" lon="-71.985490"><ele>212.6</ele></trkpt>
<trkpt lat="45.344290" lon="-71.985500"><ele>212.5</ele></trkpt>
<trkpt lat="45.344090" lon="-71.985450"><ele>212.4</ele></trkpt>
<trkpt lat="45.344080" lon="-71.985450"><ele>212.4</ele></trkpt>
<trkpt lat="45.344080" lon="-71.985450"><ele>212.4</ele></trkpt>
<trkpt lat="45.344080" lon="-71.985190"><ele>212.7</ele></trkpt>
<trkpt lat="45.344080" lon="-71.985190"><ele>212.7</ele></trkpt>
<trkpt lat="45.343980" lon="-71.985249"><ele>212.6</ele></trkpt>
<trkpt lat="45.343850" lon="-71.985260"><ele>212.6</ele></trkpt>
<trkpt lat="45.343730" lon="-71.985249"><ele>212.6</ele></trkpt>
<trkpt lat="45.343620" lon="-71.985170"><ele>212.7</ele></trkpt>
<trkpt lat="45.343580" lon="-71.985100"><ele>212.8</ele></trkpt>
<trkpt lat="45.343510" lon="-71.984990"><ele>212.8</ele></trkpt>
<trkpt lat="45.343340" lon="-71.984800"><ele>212.8</ele></trkpt>
<trkpt lat="45.342810" lon="-71.984340"><ele>212.8</ele></trkpt>
<trkpt lat="45.342720" lon="-71.984250"><ele>212.8</ele></trkpt>
<trkpt lat="45.342690" lon="-71.984230"><ele>212.8</ele></trkpt>
<trkpt lat="45.342260" lon="-71.984030"><ele>212.9</ele></trkpt>
<trkpt lat="45.342100" lon="-71.983890"><ele>212.9</ele></trkpt>
<trkpt lat="45.341900" lon="-71.983700"><ele>212.9</ele></trkpt>
<trkpt lat="45.341660" lon="-71.983590"><ele>212.8</ele></trkpt>
<trkpt lat="45.341540" lon="-71.983580"><ele>212.8</ele></trkpt>
<trkpt lat="45.341000" lon="-71.983480"><ele>212.9</ele></trkpt>
<trkpt lat="45.340770" lon="-71.983440"><ele>213.2</ele></trkpt>
<trkpt lat="45.340770" lon="-71.983430"><ele>213.2</ele></trkpt>
<trkpt lat="45.340770" lon="-71.983430"><ele>213.2</ele></trkpt>
<trkpt lat="45.340780" lon="-71.982600"><ele>215.5</ele></trkpt>
<trkpt lat="45.340780" lon="-71.982339"><ele>216.3</ele></trkpt>
<trkpt lat="45.340780" lon="-71.982080"><ele>217.0</ele></trkpt>
<trkpt lat="45.340810" lon="-71.979530"><ele>224.8</ele></trkpt>
<trkpt lat="45.340810" lon="-71.979530"><ele>224.8</ele></trkpt>
<trkpt lat="45.339980" lon="-71.979460"><ele>227.8</ele></trkpt>
<trkpt lat="45.339450" lon="-71.979420"><ele>229.5</ele></trkpt>
<trkpt lat="45.339090" lon="-71.979390"><ele>230.6</ele></trkpt>
<trkpt lat="45.338370" lon="-71.979339"><ele>233.1</ele></trkpt>
<trkpt lat="45.338190" lon="-71.979330"><ele>233.8</ele></trkpt>
<trkpt lat="45.337110" lon="-71.979240"><ele>237.5</ele></trkpt>
<trkpt lat="45.335490" lon="-71.979120"><ele>243.8</ele></trkpt>
<trkpt lat="45.334600" lon="-71.979050"><ele>246.4</ele></trkpt>
<trkpt lat="45.334600" lon="-71.979050"><ele>246.4</ele></trkpt>
<trkpt lat="45.334600" lon="-71.979670"><ele>245.4</ele></trkpt>
<trkpt lat="45.334610" lon="-71.979780"><ele>245.2</ele></trkpt>
<trkpt lat="45.334600" lon="-71.980490"><ele>243.5</ele></trkpt>
<trkpt lat="45.334600" lon="-71.980490"><ele>243.5</ele></trkpt>
<trkpt lat="45.334449" lon="-71.980490"><ele>243.9</ele></trkpt>
<trkpt lat="45.334449" lon="-71.980840"><ele>243.0</ele></trkpt>
<trkpt lat="45.334410" lon="-71.980910"><ele>243.0</ele></trkpt>
<trkpt lat="45.333979" lon="-71.980900"><ele>244.3</ele></trkpt>
<trkpt lat="45.333910" lon="-71.980900"><ele>244.5</ele></trkpt>
<trkpt lat="45.333860" lon="-71.981000"><ele>244.5</ele></trkpt>
<trkpt lat="45.333840" lon="-71.981800"><ele>242.8</ele></trkpt>
<trkpt lat="45.333840" lon="-71.981930"><ele>242.3</ele></trkpt>
<trkpt lat="45.333820" lon="-71.982050"><ele>241.7</ele></trkpt>
<trkpt lat="45.333810" lon="-71.982069"><ele>241.6</ele></trkpt>
<trkpt lat="45.333180" lon="-71.981660"><ele>244.2</ele></trkpt>
<trkpt lat="45.333150" lon="-71.981640"><ele>244.3</ele></trkpt>
<trkpt lat="45.333039" lon="-71.981640"><ele>244.4</ele></trkpt>
<trkpt lat="45.333030" lon="-71.981960"><ele>243.5</ele></trkpt>
<trkpt lat="45.333010" lon="-71.982850"><ele>241.0</ele></trkpt>
<trkpt lat="45.333080" lon="-71.983250"><ele>239.4</ele></trkpt>
<trkpt lat="45.333090" lon="-71.983490"><ele>238.5</ele></trkpt>
<trkpt lat="45.333110" lon="-71.983770"><ele>237.5</ele></trkpt>
<trkpt lat="45.333110" lon="-71.984129"><ele>236.2</ele></trkpt>
<trkpt lat="45.333180" lon="-71.984430"><ele>234.7</ele></trkpt>
<trkpt lat="45.333260" lon="-71.984560"><ele>233.8</ele></trkpt>
<trkpt lat="45.333350" lon="-71.984630"><ele>233.1</ele></trkpt>
<trkpt lat="45.333360" lon="-71.984640"><ele>233.0</ele></trkpt>
<trkpt lat="45.333390" lon="-71.984820"><ele>232.3</ele></trkpt>
<trkpt lat="45.333390" lon="-71.984950"><ele>231.9</ele></trkpt>
<trkpt lat="45.333310" lon="-71.985310"><ele>231.2</ele></trkpt>
<trkpt lat="45.333310" lon="-71.985370"><ele>231.0</ele></trkpt>
<trkpt lat="45.333300" lon="-71.985429"><ele>230.9</ele></trkpt>
<trkpt lat="45.333329" lon="-71.985810"><ele>229.7</ele></trkpt>
<trkpt lat="45.333329" lon="-71.985910"><ele>229.4</ele></trkpt>
<trkpt lat="45.333300" lon="-71.986120"><ele>228.9</ele></trkpt>
<trkpt lat="45.333329" lon="-71.986340"><ele>228.0</ele></trkpt>
<trkpt lat="45.333329" lon="-71.986380"><ele>227.8</ele></trkpt>
<trkpt lat="45.333300" lon="-71.986550"><ele>227.3</ele></trkpt>
<trkpt lat="45.333210" lon="-71.987840"><ele>223.6</ele></trkpt>
<trkpt lat="45.333160" lon="-71.988249"><ele>222.6</ele></trkpt>
<trkpt lat="45.333130" lon="-71.988410"><ele>222.3</ele></trkpt>
<trkpt lat="45.333110" lon="-71.988570"><ele>221.8</ele></trkpt>
<trkpt lat="45.333110" lon="-71.988640"><ele>221.6</ele></trkpt>
<trkpt lat="45.333130" lon="-71.988710"><ele>221.2</ele></trkpt>
<trkpt lat="45.333170" lon="-71.988919"><ele>220.3</ele></trkpt>
<trkpt lat="45.333220" lon="-71.989180"><ele>219.3</ele></trkpt>
<trkpt lat="45.333250" lon="-71.989510"><ele>218.3</ele></trkpt>
<trkpt lat="45.333260" lon="-71.989630"><ele>217.9</ele></trkpt>
<trkpt lat="45.333270" lon="-71.989690"><ele>217.7</ele></trkpt>
<trkpt lat="45.333380" lon="-71.990010"><ele>216.7</ele></trkpt>
<trkpt lat="45.333400" lon="-71.990080"><ele>216.5</ele></trkpt>
<trkpt lat="45.333410" lon="-71.990120"><ele>216.4</ele></trkpt>
<trkpt lat="45.333410" lon="-71.990160"><ele>216.3</ele></trkpt>
<trkpt lat="45.333419" lon="-71.990630"><ele>215.3</ele></trkpt>
<trkpt lat="45.333419" lon="-71.990760"><ele>215.1</ele></trkpt>
<trkpt lat="45.333430" lon="-71.990830"><ele>214.9</ele></trkpt>
<trkpt lat="45.333460" lon="-71.990910"><ele>214.8</ele></trkpt>
<trkpt lat="45.333500" lon="-71.991020"><ele>214.7</ele></trkpt>
<trkpt lat="45.333599" lon="-71.991240"><ele>214.4</ele></trkpt>
<trkpt lat="45.333640" lon="-71.991310"><ele>214.3</ele></trkpt>
<trkpt lat="45.333640" lon="-71.991320"><ele>214.3</ele></trkpt>
<trkpt lat="45.333670" lon="-71.991429"><ele>214.2</ele></trkpt>
<trkpt lat="45.333810" lon="-71.992310"><ele>212.2</ele></trkpt>
<trkpt lat="45.333830" lon="-71.992440"><ele>211.9</ele></trkpt>
<trkpt lat="45.333860" lon="-71.992500"><ele>211.7</ele></trkpt>
<trkpt lat="45.333900" lon="-71.992530"><ele>211.5</ele></trkpt>
<trkpt lat="45.333950" lon="-71.992550"><ele>211.4</ele></trkpt>
<trkpt lat="45.334060" lon="-71.992510"><ele>211.2</ele></trkpt>
<trkpt lat="45.334060" lon="-71.992510"><ele>211.2</ele></trkpt>
<trkpt lat="45.334100" lon="-71.992670"><ele>210.8</ele></trkpt>
<trkpt lat="45.334160" lon="-71.992960"><ele>210.2</ele></trkpt>
<trkpt lat="45.334180" lon="-71.993390"><ele>209.7</ele></trkpt>
<trkpt lat="45.334140" lon="-71.993610"><ele>209.5</ele></trkpt>
<trkpt lat="45.334050" lon="-71.993990"><ele>209.3</ele></trkpt>
<trkpt lat="45.334000" lon="-71.994080"><ele>209.4</ele></trkpt>
<trkpt lat="45.333990" lon="-71.994100"><ele>209.4</ele></trkpt>
<trkpt lat="45.333870" lon="-71.994100"><ele>209.7</ele></trkpt>
<trkpt lat="45.333740" lon="-71.994120"><ele>210.0</ele></trkpt>
<trkpt lat="45.333630" lon="-71.994130"><ele>210.2</ele></trkpt>
<trkpt lat="45.333490" lon="-71.994090"><ele>210.6</ele></trkpt>
<trkpt lat="45.333280" lon="-71.994040"><ele>211.0</ele></trkpt>
<trkpt lat="45.333230" lon="-71.994080"><ele>211.1</ele></trkpt>
<trkpt lat="45.333220" lon="-71.994230"><ele>211.0</ele></trkpt>
<trkpt lat="45.333210" lon="-71.994310"><ele>211.0</ele></trkpt>
<trkpt lat="45.333210" lon="-71.994560"><ele>211.0</ele></trkpt>
<trkpt lat="45.333100" lon="-71.994750"><ele>211.1</ele></trkpt>
<trkpt lat="45.332960" lon="-71.994840"><ele>211.3</ele></trkpt>
<trkpt lat="45.332830" lon="-71.994829"><ele>211.5</ele></trkpt>
<trkpt lat="45.332730" lon="-71.994860"><ele>211.6</ele></trkpt>
<trkpt lat="45.332680" lon="-71.994990"><ele>211.6</ele></trkpt>
<trkpt lat="45.332690" lon="-71.995279"><ele>211.6</ele></trkpt>
<trkpt lat="45.332750" lon="-71.995490"><ele>211.4</ele></trkpt>
<trkpt lat="45.332769" lon="-71.995580"><ele>211.3</ele></trkpt>
<trkpt lat="45.332870" lon="-71.995810"><ele>211.1</ele></trkpt>
<trkpt lat="45.333130" lon="-71.996050"><ele>210.3</ele></trkpt>
<trkpt lat="45.333220" lon="-71.996170"><ele>210.1</ele></trkpt>
<trkpt lat="45.333220" lon="-71.996290"><ele>210.1</ele></trkpt>
<trkpt lat="45.333150" lon="-71.996410"><ele>210.2</ele></trkpt>
<trkpt lat="45.333140" lon="-71.996420"><ele>210.3</ele></trkpt>
<trkpt lat="45.333050" lon="-71.996490"><ele>210.5</ele></trkpt>
<trkpt lat="45.332949" lon="-71.996550"><ele>210.8</ele></trkpt>
<trkpt lat="45.332880" lon="-71.996540"><ele>210.9</ele></trkpt>
<trkpt lat="45.332730" lon="-71.996400"><ele>211.3</ele></trkpt>
<trkpt lat="45.332660" lon="-71.996360"><ele>211.4</ele></trkpt>
<trkpt lat="45.332479" lon="-71.996410"><ele>211.6</ele></trkpt>
<trkpt lat="45.332450" lon="-71.996420"><ele>211.7</ele></trkpt>
<trkpt lat="45.332330" lon="-71.996470"><ele>211.8</ele></trkpt>
<trkpt lat="45.332190" lon="-71.996590"><ele>211.8</ele></trkpt>
<trkpt lat="45.332070" lon="-71.996720"><ele>211.9</ele></trkpt>
<trkpt lat="45.331990" lon="-71.996760"><ele>211.9</ele></trkpt>
<trkpt lat="45.331720" lon="-71.996740"><ele>211.9</ele></trkpt>
<trkpt lat="45.331470" lon="-71.996730"><ele>212.0</ele></trkpt>
<trkpt lat="45.331410" lon="-71.996730"><ele>212.1</ele></trkpt>
<trkpt lat="45.331290" lon="-71.996670"><ele>212.2</ele></trkpt>
<trkpt lat="45.331190" lon="-71.996630"><ele>212.3</ele></trkpt>
<trkpt lat="45.331120" lon="-71.996580"><ele>212.4</ele></trkpt>
<trkpt lat="45.331069" lon="-71.996550"><ele>212.5</ele></trkpt>
<trkpt lat="45.330979" lon="-71.996530"><ele>212.6</ele></trkpt>
<trkpt lat="45.330950" lon="-71.996510"><ele>212.6</ele></trkpt>
<trkpt lat="45.330880" lon="-71.996470"><ele>212.7</ele></trkpt>
<trkpt lat="45.330780" lon="-71.996330"><ele>212.9</ele></trkpt>
<trkpt lat="45.330720" lon="-71.996309"><ele>212.9</ele></trkpt>
<trkpt lat="45.330640" lon="-71.996350"><ele>213.0</ele></trkpt>
<trkpt lat="45.330640" lon="-71.996360"><ele>213.0</ele></trkpt>
<trkpt lat="45.330520" lon="-71.996440"><ele>213.2</ele></trkpt>
<trkpt lat="45.330400" lon="-71.996470"><ele>213.3</ele></trkpt>
<trkpt lat="45.330290" lon="-71.996390"><ele>213.5</ele></trkpt>
<trkpt lat="45.330160" lon="-71.996170"><ele>213.6</ele></trkpt>
<trkpt lat="45.330150" lon="-71.996180"><ele>213.6</ele></trkpt>
<trkpt lat="45.329960" lon="-71.995810"><ele>213.8</ele></trkpt>
<trkpt lat="45.329520" lon="-71.995570"><ele>214.4</ele></trkpt>
<trkpt lat="45.329180" lon="-71.995580"><ele>215.0</ele></trkpt>
<trkpt lat="45.328910" lon="-71.995560"><ele>215.6</ele></trkpt>
<trkpt lat="45.328790" lon="-71.995530"><ele>215.9</ele></trkpt>
<trkpt lat="45.328710" lon="-71.995440"><ele>216.2</ele></trkpt>
<trkpt lat="45.328600" lon="-71.995390"><ele>216.6</ele></trkpt>
<trkpt lat="45.328470" lon="-71.995390"><ele>216.9</ele></trkpt>
<trkpt lat="45.328150" lon="-71.995700"><ele>217.3</ele></trkpt>
<trkpt lat="45.328100" lon="-71.995720"><ele>217.4</ele></trkpt>
<trkpt lat="45.328050" lon="-71.995720"><ele>217.5</ele></trkpt>
<trkpt lat="45.327870" lon="-71.995500"><ele>218.1</ele></trkpt>
<trkpt lat="45.327790" lon="-71.995430"><ele>218.4</ele></trkpt>
<trkpt lat="45.327470" lon="-71.995290"><ele>219.5</ele></trkpt>
<trkpt lat="45.327350" lon="-71.995230"><ele>220.0</ele></trkpt>
<trkpt lat="45.327170" lon="-71.995090"><ele>220.8</ele></trkpt>
<trkpt lat="45.327039" lon="-71.995090"><ele>221.3</ele></trkpt>
<trkpt lat="45.326860" lon="-71.995140"><ele>221.8</ele></trkpt>
<trkpt lat="45.326440" lon="-71.995300"><ele>222.9</ele></trkpt>
<trkpt lat="45.326270" lon="-71.995440"><ele>223.2</ele></trkpt>
<trkpt lat="45.326120" lon="-71.995620"><ele>223.3</ele></trkpt>
<trkpt lat="45.325920" lon="-71.995780"><ele>223.7</ele></trkpt>
<trkpt lat="45.325750" lon="-71.995830"><ele>224.2</ele></trkpt>
<trkpt lat="45.325570" lon="-71.995780"><ele>224.8</ele></trkpt>
<trkpt lat="45.325400" lon="-71.995670"><ele>225.5</ele></trkpt>
<trkpt lat="45.325270" lon="-71.995610"><ele>226.0</ele></trkpt>
<trkpt lat="45.324880" lon="-71.995859"><ele>227.0</ele></trkpt>
<trkpt lat="45.324660" lon="-71.995910"><ele>227.5</ele></trkpt>
<trkpt lat="45.324309" lon="-71.996060"><ele>228.3</ele></trkpt>
<trkpt lat="45.324250" lon="-71.996060"><ele>228.5</ele></trkpt>
<trkpt lat="45.324190" lon="-71.996010"><ele>228.7</ele></trkpt>
<trkpt lat="45.323980" lon="-71.995790"><ele>229.5</ele></trkpt>
<trkpt lat="45.323550" lon="-71.995550"><ele>231.3</ele></trkpt>
<trkpt lat="45.323240" lon="-71.995330"><ele>232.6</ele></trkpt>
<trkpt lat="45.322640" lon="-71.995020"><ele>234.4</ele></trkpt>
<trkpt lat="45.322440" lon="-71.994990"><ele>234.9</ele></trkpt>
<trkpt lat="45.322000" lon="-71.995090"><ele>235.9</ele></trkpt>
<trkpt lat="45.321920" lon="-71.995130"><ele>236.0</ele></trkpt>
<trkpt lat="45.321770" lon="-71.995350"><ele>236.1</ele></trkpt>
<trkpt lat="45.321689" lon="-71.995380"><ele>236.3</ele></trkpt>
<trkpt lat="45.321580" lon="-71.995390"><ele>236.5</ele></trkpt>
<trkpt lat="45.321170" lon="-71.995270"><ele>237.4</ele></trkpt>
<trkpt lat="45.320940" lon="-71.995250"><ele>237.7</ele></trkpt>
<trkpt lat="45.320540" lon="-71.995160"><ele>238.2</ele></trkpt>
<trkpt lat="45.320470" lon="-71.995120"><ele>238.3</ele></trkpt>
<trkpt lat="45.320420" lon="-71.995060"><ele>238.3</ele></trkpt>
<trkpt lat="45.319620" lon="-71.993960"><ele>239.5</ele></trkpt>
<trkpt lat="45.319530" lon="-71.993830"><ele>239.8</ele></trkpt>
<trkpt lat="45.319400" lon="-71.993660"><ele>240.2</ele></trkpt>
<trkpt lat="45.319180" lon="-71.993280"><ele>240.8</ele></trkpt>
<trkpt lat="45.318670" lon="-71.992600"><ele>241.4</ele></trkpt>
<trkpt lat="45.318550" lon="-71.992410"><ele>241.5</ele></trkpt>
<trkpt lat="45.317860" lon="-71.991390"><ele>242.6</ele></trkpt>
<trkpt lat="45.317760" lon="-71.991210"><ele>242.7</ele></trkpt>
<trkpt lat="45.317560" lon="-71.990770"><ele>243.0</ele></trkpt>
<trkpt lat="45.317520" lon="-71.990730"><ele>243.1</ele></trkpt>
<trkpt lat="45.317459" lon="-71.990720"><ele>243.1</ele></trkpt>
<trkpt lat="45.317310" lon="-71.990820"><ele>243.2</ele></trkpt>
<trkpt lat="45.317210" lon="-71.990930"><ele>243.2</ele></trkpt>
<trkpt lat="45.317130" lon="-71.991040"><ele>243.2</ele></trkpt>
<trkpt lat="45.317070" lon="-71.991190"><ele>243.1</ele></trkpt>
<trkpt lat="45.317030" lon="-71.991260"><ele>243.1</ele></trkpt>
<trkpt lat="45.316870" lon="-71.991320"><ele>243.2</ele></trkpt>
<trkpt lat="45.316090" lon="-71.991970"><ele>243.4</ele></trkpt>
<trkpt lat="45.315800" lon="-71.992380"><ele>243.8</ele></trkpt>
<trkpt lat="45.315760" lon="-71.992400"><ele>243.8</ele></trkpt>
<trkpt lat="45.315680" lon="-71.992340"><ele>243.9</ele></trkpt>
<trkpt lat="45.315510" lon="-71.992250"><ele>244.2</ele></trkpt>
<trkpt lat="45.315450" lon="-71.992240"><ele>244.2</ele></trkpt>
<trkpt lat="45.313300" lon="-71.991970"><ele>250.1</ele></trkpt>
<trkpt lat="45.310370" lon="-71.991730"><ele>262.3</ele></trkpt>
<trkpt lat="45.310370" lon="-71.991730"><ele>262.3</ele></trkpt>
<trkpt lat="45.310230" lon="-71.991720"><ele>262.8</ele></trkpt>
<trkpt lat="45.309399" lon="-71.991660"><ele>265.9</ele></trkpt>
<trkpt lat="45.308760" lon="-71.991610"><ele>268.9</ele></trkpt>
<trkpt lat="45.307500" lon="-71.991520"><ele>276.0</ele></trkpt>
<trkpt lat="45.307170" lon="-71.991490"><ele>278.3</ele></trkpt>
<trkpt lat="45.306630" lon="-71.991429"><ele>283.0</ele></trkpt>
<trkpt lat="45.306610" lon="-71.991429"><ele>283.2</ele></trkpt>
<trkpt lat="45.306270" lon="-71.991440"><ele>286.3</ele></trkpt>
<trkpt lat="45.305950" lon="-71.991440"><ele>289.4</ele></trkpt>
<trkpt lat="45.305910" lon="-71.991440"><ele>289.8</ele></trkpt>
<trkpt lat="45.305570" lon="-71.991450"><ele>293.0</ele></trkpt>
<trkpt lat="45.305549" lon="-71.991460"><ele>293.2</ele></trkpt>
<trkpt lat="45.305370" lon="-71.991480"><ele>294.8</ele></trkpt>
<trkpt lat="45.305010" lon="-71.991520"><ele>297.5</ele></trkpt>
<trkpt lat="45.304830" lon="-71.991540"><ele>298.4</ele></trkpt>
<trkpt lat="45.304300" lon="-71.991600"><ele>300.2</ele></trkpt>
<trkpt lat="45.304200" lon="-71.991610"><ele>300.5</ele></trkpt>
<trkpt lat="45.303759" lon="-71.991620"><ele>301.5</ele></trkpt>
<trkpt lat="45.303170" lon="-71.991620"><ele>302.3</ele></trkpt>
<trkpt lat="45.303040" lon="-71.991600"><ele>302.4</ele></trkpt>
<trkpt lat="45.302840" lon="-71.991570"><ele>302.5</ele></trkpt>
<trkpt lat="45.302620" lon="-71.991500"><ele>302.6</ele></trkpt>
<trkpt lat="45.302510" lon="-71.991450"><ele>302.6</ele></trkpt>
<trkpt lat="45.302370" lon="-71.991380"><ele>302.7</ele></trkpt>
<trkpt lat="45.302169" lon="-71.991270"><ele>302.7</ele></trkpt>
<trkpt lat="45.301890" lon="-71.991120"><ele>302.9</ele></trkpt>
<trkpt lat="45.301500" lon="-71.990930"><ele>303.8</ele></trkpt>
<trkpt lat="45.301330" lon="-71.990850"><ele>304.2</ele></trkpt>
<trkpt lat="45.301150" lon="-71.990770"><ele>304.6</ele></trkpt>
<trkpt lat="45.300810" lon="-71.990600"><ele>304.8</ele></trkpt>
<trkpt lat="45.300470" lon="-71.990440"><ele>304.4</ele></trkpt>
<trkpt lat="45.299960" lon="-71.990190"><ele>303.6</ele></trkpt>
<trkpt lat="45.299880" lon="-71.990150"><ele>303.4</ele></trkpt>
<trkpt lat="45.299790" lon="-71.990100"><ele>303.1</ele></trkpt>
<trkpt lat="45.299650" lon="-71.990010"><ele>302.5</ele></trkpt>
<trkpt lat="45.299630" lon="-71.990010"><ele>302.3</ele></trkpt>
<trkpt lat="45.299450" lon="-71.989990"><ele>301.0</ele></trkpt>
<trkpt lat="45.299370" lon="-71.989970"><ele>300.4</ele></trkpt>
<trkpt lat="45.298560" lon="-71.989760"><ele>295.9</ele></trkpt>
<trkpt lat="45.298210" lon="-71.989670"><ele>294.8</ele></trkpt>
<trkpt lat="45.297680" lon="-71.989540"><ele>293.1</ele></trkpt>
<trkpt lat="45.296970" lon="-71.989350"><ele>290.6</ele></trkpt>
<trkpt lat="45.296620" lon="-71.989260"><ele>289.6</ele></trkpt>
<trkpt lat="45.296090" lon="-71.989120"><ele>288.3</ele></trkpt>
<trkpt lat="45.295730" lon="-71.989030"><ele>287.2</ele></trkpt>
<trkpt lat="45.295530" lon="-71.988980"><ele>286.3</ele></trkpt>
<trkpt lat="45.295380" lon="-71.988919"><ele>285.6</ele></trkpt>
<trkpt lat="45.295310" lon="-71.988890"><ele>285.3</ele></trkpt>
<trkpt lat="45.295140" lon="-71.988780"><ele>284.6</ele></trkpt>
<trkpt lat="45.295060" lon="-71.988700"><ele>284.4</ele></trkpt>
<trkpt lat="45.294960" lon="-71.988620"><ele>284.0</ele></trkpt>
<trkpt lat="45.294820" lon="-71.988380"><ele>283.8</ele></trkpt>
<trkpt lat="45.294700" lon="-71.988140"><ele>283.5</ele></trkpt>
<trkpt lat="45.294210" lon="-71.987060"><ele>278.7</ele></trkpt>
<trkpt lat="45.294140" lon="-71.986900"><ele>278.2</ele></trkpt>
<trkpt lat="45.293950" lon="-71.986530"><ele>278.5</ele></trkpt>
<trkpt lat="45.293890" lon="-71.986450"><ele>278.7</ele></trkpt>
<trkpt lat="45.293760" lon="-71.986279"><ele>279.5</ele></trkpt>
<trkpt lat="45.293620" lon="-71.986110"><ele>280.4</ele></trkpt>
<trkpt lat="45.293310" lon="-71.985710"><ele>282.3</ele></trkpt>
<trkpt lat="45.293220" lon="-71.985600"><ele>282.7</ele></trkpt>
<trkpt lat="45.293080" lon="-71.985450"><ele>283.2</ele></trkpt>
<trkpt lat="45.292940" lon="-71.985290"><ele>283.9</ele></trkpt>
<trkpt lat="45.292789" lon="-71.985130"><ele>284.7</ele></trkpt>
<trkpt lat="45.292650" lon="-71.984970"><ele>285.6</ele></trkpt>
<trkpt lat="45.292290" lon="-71.984560"><ele>288.0</ele></trkpt>
<trkpt lat="45.292220" lon="-71.984480"><ele>288.5</ele></trkpt>
<trkpt lat="45.292090" lon="-71.984300"><ele>289.6</ele></trkpt>
<trkpt lat="45.292090" lon="-71.984300"><ele>289.6</ele></trkpt>
<trkpt lat="45.291920" lon="-71.984390"><ele>288.8</ele></trkpt>
<trkpt lat="45.291920" lon="-71.984390"><ele>288.8</ele></trkpt>
<trkpt lat="45.291930" lon="-71.984450"><ele>288.4</ele></trkpt>
<trkpt lat="45.291939" lon="-71.984710"><ele>286.7</ele></trkpt>
<trkpt lat="45.291960" lon="-71.985220"><ele>283.5</ele></trkpt>
<trkpt lat="45.291970" lon="-71.985470"><ele>281.9</ele></trkpt>
<trkpt lat="45.291980" lon="-71.985730"><ele>280.0</ele></trkpt>
<trkpt lat="45.292010" lon="-71.986240"><ele>276.3</ele></trkpt>
<trkpt lat="45.292070" lon="-71.987770"><ele>273.8</ele></trkpt>
<trkpt lat="45.292140" lon="-71.989300"><ele>273.9</ele></trkpt>
<trkpt lat="45.292190" lon="-71.990370"><ele>273.9</ele></trkpt>
<trkpt lat="45.292220" lon="-71.991330"><ele>272.6</ele></trkpt>
<trkpt lat="45.292230" lon="-71.991950"><ele>271.1</ele></trkpt>
<trkpt lat="45.292230" lon="-71.992110"><ele>270.7</ele></trkpt>
<trkpt lat="45.292210" lon="-71.992620"><ele>269.8</ele></trkpt>
<trkpt lat="45.292210" lon="-71.992640"><ele>269.8</ele></trkpt>
<trkpt lat="45.292250" lon="-71.993270"><ele>268.8</ele></trkpt>
<trkpt lat="45.292270" lon="-71.993380"><ele>268.6</ele></trkpt>
<trkpt lat="45.292310" lon="-71.993730"><ele>267.9</ele></trkpt>
<trkpt lat="45.292330" lon="-71.993889"><ele>267.5</ele></trkpt>
<trkpt lat="45.292390" lon="-71.994270"><ele>266.6</ele></trkpt>
<trkpt lat="45.292390" lon="-71.994390"><ele>266.3</ele></trkpt>
<trkpt lat="45.292430" lon="-71.995150"><ele>264.5</ele></trkpt>
<trkpt lat="45.292520" lon="-71.996940"><ele>260.6</ele></trkpt>
<trkpt lat="45.292560" lon="-71.997720"><ele>259.7</ele></trkpt>
<trkpt lat="45.292580" lon="-71.997960"><ele>259.4</ele></trkpt>
<trkpt lat="45.292630" lon="-71.998470"><ele>259.0</ele></trkpt>
<trkpt lat="45.292650" lon="-71.998720"><ele>259.0</ele></trkpt>
<trkpt lat="45.292660" lon="-71.998810"><ele>259.1</ele></trkpt>
<trkpt lat="45.292660" lon="-71.998970"><ele>259.2</ele></trkpt>
<trkpt lat="45.292670" lon="-71.999230"><ele>259.6</ele></trkpt>
<trkpt lat="45.292690" lon="-71.999610"><ele>260.4</ele></trkpt>
<trkpt lat="45.292720" lon="-71.999990"><ele>261.2</ele></trkpt>
<trkpt lat="45.292720" lon="-72.000000"><ele>261.2</ele></trkpt>
<trkpt lat="45.292740" lon="-72.000250"><ele>261.6</ele></trkpt>
<trkpt lat="45.292770" lon="-72.000620"><ele>262.3</ele></trkpt>
<trkpt lat="45.292780" lon="-72.000760"><ele>262.5</ele></trkpt>
<trkpt lat="45.292810" lon="-72.001260"><ele>263.9</ele></trkpt>
<trkpt lat="45.292820" lon="-72.001410"><ele>264.3</ele></trkpt>
<trkpt lat="45.292830" lon="-72.001520"><ele>264.7</ele></trkpt>
<trkpt lat="45.292840" lon="-72.001840"><ele>265.6</ele></trkpt>
<trkpt lat="45.292850" lon="-72.002290"><ele>266.8</ele></trkpt>
<trkpt lat="45.292850" lon="-72.002300"><ele>266.8</ele></trkpt>
<trkpt lat="45.292879" lon="-72.002799"><ele>268.3</ele></trkpt>
<trkpt lat="45.292879" lon="-72.002799"><ele>268.3</ele></trkpt>
<trkpt lat="45.292550" lon="-72.003000"><ele>267.9</ele></trkpt>
<trkpt lat="45.292450" lon="-72.003060"><ele>267.7</ele></trkpt>
<trkpt lat="45.292260" lon="-72.003160"><ele>267.4</ele></trkpt>
<trkpt lat="45.291970" lon="-72.003360"><ele>267.1</ele></trkpt>
<trkpt lat="45.291790" lon="-72.003500"><ele>266.8</ele></trkpt>
<trkpt lat="45.291740" lon="-72.003559"><ele>266.8</ele></trkpt>
<trkpt lat="45.291670" lon="-72.003630"><ele>266.7</ele></trkpt>
<trkpt lat="45.291340" lon="-72.004080"><ele>266.6</ele></trkpt>
<trkpt lat="45.291300" lon="-72.004130"><ele>266.5</ele></trkpt>
<trkpt lat="45.291070" lon="-72.004409"><ele>266.2</ele></trkpt>
<trkpt lat="45.291010" lon="-72.004499"><ele>266.1</ele></trkpt>
<trkpt lat="45.290600" lon="-72.004880"><ele>264.8</ele></trkpt>
<trkpt lat="45.290470" lon="-72.004980"><ele>264.4</ele></trkpt>
<trkpt lat="45.290320" lon="-72.005110"><ele>263.9</ele></trkpt>
<trkpt lat="45.290160" lon="-72.005240"><ele>263.5</ele></trkpt>
<trkpt lat="45.289990" lon="-72.005380"><ele>263.2</ele></trkpt>
<trkpt lat="45.289190" lon="-72.005889"><ele>261.2</ele></trkpt>
<trkpt lat="45.289050" lon="-72.005979"><ele>260.8</ele></trkpt>
<trkpt lat="45.288179" lon="-72.006440"><ele>257.9</ele></trkpt>
<trkpt lat="45.287510" lon="-72.006800"><ele>255.6</ele></trkpt>
<trkpt lat="45.287460" lon="-72.006829"><ele>255.4</ele></trkpt>
<trkpt lat="45.287190" lon="-72.007030"><ele>254.5</ele></trkpt>
<trkpt lat="45.286710" lon="-72.007380"><ele>253.2</ele></trkpt>
<trkpt lat="45.286550" lon="-72.007499"><ele>252.8</ele></trkpt>
<trkpt lat="45.286390" lon="-72.007630"><ele>252.5</ele></trkpt>
<trkpt lat="45.285670" lon="-72.008210"><ele>251.2</ele></trkpt>
<trkpt lat="45.285680" lon="-72.008250"><ele>251.5</ele></trkpt>
<trkpt lat="45.284800" lon="-72.008860"><ele>250.5</ele></trkpt>
<trkpt lat="45.283650" lon="-72.009570"><ele>249.5</ele></trkpt>
<trkpt lat="45.283390" lon="-72.009760"><ele>249.2</ele></trkpt>
<trkpt lat="45.283110" lon="-72.010030"><ele>248.9</ele></trkpt>
<trkpt lat="45.282830" lon="-72.010450"><ele>249.1</ele></trkpt>
<trkpt lat="45.282510" lon="-72.011080"><ele>249.9</ele></trkpt>
<trkpt lat="45.282460" lon="-72.011330"><ele>250.5</ele></trkpt>
<trkpt lat="45.280630" lon="-72.011190"><ele>243.1</ele></trkpt>
<trkpt lat="45.276730" lon="-72.011240"><ele>217.8</ele></trkpt>
<trkpt lat="45.275140" lon="-72.011210"><ele>212.8</ele></trkpt>
<trkpt lat="45.274910" lon="-72.010850"><ele>212.9</ele></trkpt>
<trkpt lat="45.274700" lon="-72.010460"><ele>212.9</ele></trkpt>
<trkpt lat="45.274430" lon="-72.009730"><ele>212.9</ele></trkpt>
<trkpt lat="45.274330" lon="-72.009379"><ele>212.9</ele></trkpt>
<trkpt lat="45.274270" lon="-72.009070"><ele>212.9</ele></trkpt>
<trkpt lat="45.274160" lon="-72.008330"><ele>212.8</ele></trkpt>
<trkpt lat="45.274100" lon="-72.007600"><ele>212.9</ele></trkpt>
<trkpt lat="45.273630" lon="-72.000680"><ele>238.6</ele></trkpt>
<trkpt lat="45.273520" lon="-71.996140"><ele>234.9</ele></trkpt>
<trkpt lat="45.273550" lon="-71.994390"><ele>220.5</ele></trkpt>
<trkpt lat="45.273660" lon="-71.991330"><ele>185.4</ele></trkpt>
<trkpt lat="45.273700" lon="-71.989540"><ele>182.6</ele></trkpt>
<trkpt lat="45.273710" lon="-71.987990"><ele>182.1</ele></trkpt>
<trkpt lat="45.274520" lon="-71.986790"><ele>181.9</ele></trkpt>
<trkpt lat="45.275200" lon="-71.985600"><ele>182.1</ele></trkpt>
<trkpt lat="45.275300" lon="-71.985370"><ele>182.2</ele></trkpt>
<trkpt lat="45.275360" lon="-71.985120"><ele>182.2</ele></trkpt>
<trkpt lat="45.275650" lon="-71.982500"><ele>181.9</ele></trkpt>
<trkpt lat="45.275740" lon="-71.981450"><ele>181.9</ele></trkpt>
<trkpt lat="45.275810" lon="-71.980930"><ele>182.0</ele></trkpt>
<trkpt lat="45.276000" lon="-71.980040"><ele>181.9</ele></trkpt>
<trkpt lat="45.276410" lon="-71.978669"><ele>181.9</ele></trkpt>
<trkpt lat="45.276550" lon="-71.978060"><ele>181.9</ele></trkpt>
<trkpt lat="45.276649" lon="-71.977350"><ele>182.0</ele></trkpt>
<trkpt lat="45.276930" lon="-71.974980"><ele>181.9</ele></trkpt>
<trkpt lat="45.276970" lon="-71.974459"><ele>181.9</ele></trkpt>
<trkpt lat="45.276950" lon="-71.974270"><ele>181.9</ele></trkpt>
<trkpt lat="45.276870" lon="-71.974100"><ele>181.9</ele></trkpt>
<trkpt lat="45.276460" lon="-71.973470"><ele>181.9</ele></trkpt>
<trkpt lat="45.276330" lon="-71.973330"><ele>181.9</ele></trkpt>
<trkpt lat="45.276110" lon="-71.973230"><ele>181.9</ele></trkpt>
<trkpt lat="45.275790" lon="-71.973170"><ele>181.9</ele></trkpt>
<trkpt lat="45.275430" lon="-71.973159"><ele>182.0</ele></trkpt>
<trkpt lat="45.274900" lon="-71.973890"><ele>181.9</ele></trkpt>
<trkpt lat="45.274630" lon="-71.974230"><ele>181.9</ele></trkpt>
<trkpt lat="45.274370" lon="-71.974410"><ele>181.9</ele></trkpt>
<trkpt lat="45.272530" lon="-71.975460"><ele>181.9</ele></trkpt>
<trkpt lat="45.272370" lon="-71.975470"><ele>181.9</ele></trkpt>
<trkpt lat="45.272120" lon="-71.975399"><ele>182.0</ele></trkpt>
<trkpt lat="45.271430" lon="-71.975090"><ele>182.9</ele></trkpt>
<trkpt lat="45.270400" lon="-71.974760"><ele>186.0</ele></trkpt>
<trkpt lat="45.269590" lon="-71.974470"><ele>190.3</ele></trkpt>
<trkpt lat="45.269060" lon="-71.974250"><ele>192.7</ele></trkpt>
<trkpt lat="45.267760" lon="-71.973550"><ele>197.7</ele></trkpt>
<trkpt lat="45.266660" lon="-71.973150"><ele>199.7</ele></trkpt>
<trkpt lat="45.266509" lon="-71.973110"><ele>199.9</ele></trkpt>
<trkpt lat="45.266290" lon="-71.973090"><ele>200.1</ele></trkpt>
<trkpt lat="45.264990" lon="-71.973180"><ele>202.5</ele></trkpt>
<trkpt lat="45.262330" lon="-71.973240"><ele>212.9</ele></trkpt>
<trkpt lat="45.262060" lon="-71.973180"><ele>212.9</ele></trkpt>
<trkpt lat="45.259950" lon="-71.972510"><ele>212.9</ele></trkpt>
<trkpt lat="45.259920" lon="-71.972640"><ele>212.9</ele></trkpt>
<trkpt lat="45.259950" lon="-71.974940"><ele>212.9</ele></trkpt>
<trkpt lat="45.259950" lon="-71.976580"><ele>212.8</ele></trkpt>
<trkpt lat="45.260060" lon="-71.978710"><ele>204.7</ele></trkpt>
<trkpt lat="45.260219" lon="-71.981180"><ele>189.9</ele></trkpt>
<trkpt lat="45.260219" lon="-71.981360"><ele>188.8</ele></trkpt>
<trkpt lat="45.260170" lon="-71.981690"><ele>187.1</ele></trkpt>
<trkpt lat="45.260090" lon="-71.981840"><ele>186.5</ele></trkpt>
<trkpt lat="45.259960" lon="-71.981990"><ele>186.0</ele></trkpt>
<trkpt lat="45.259810" lon="-71.982100"><ele>185.9</ele></trkpt>
<trkpt lat="45.259680" lon="-71.982140"><ele>186.2</ele></trkpt>
<trkpt lat="45.256250" lon="-71.982490"><ele>190.1</ele></trkpt>
<trkpt lat="45.255410" lon="-71.982550"><ele>191.1</ele></trkpt>
<trkpt lat="45.255280" lon="-71.982530"><ele>191.1</ele></trkpt>
<trkpt lat="45.255220" lon="-71.982450"><ele>191.6</ele></trkpt>
<trkpt lat="45.255090" lon="-71.982120"><ele>193.5</ele></trkpt>
<trkpt lat="45.255030" lon="-71.982069"><ele>193.8</ele></trkpt>
<trkpt lat="45.252030" lon="-71.981640"><ele>191.9</ele></trkpt>
<trkpt lat="45.250220" lon="-71.981360"><ele>184.9</ele></trkpt>
<trkpt lat="45.249960" lon="-71.981280"><ele>185.3</ele></trkpt>
<trkpt lat="45.249910" lon="-71.980160"><ele>193.1</ele></trkpt>
<trkpt lat="45.249890" lon="-71.980080"><ele>193.6</ele></trkpt>
<trkpt lat="45.249830" lon="-71.980009"><ele>193.9</ele></trkpt>
<trkpt lat="45.249710" lon="-71.979940"><ele>194.1</ele></trkpt>
<trkpt lat="45.249650" lon="-71.980050"><ele>193.3</ele></trkpt>
<trkpt lat="45.249590" lon="-71.980130"><ele>192.7</ele></trkpt>
<trkpt lat="45.249519" lon="-71.980189"><ele>192.2</ele></trkpt>
<trkpt lat="45.248770" lon="-71.980650"><ele>190.2</ele></trkpt>
<trkpt lat="45.248300" lon="-71.980870"><ele>189.9</ele></trkpt>
<trkpt lat="45.247929" lon="-71.981070"><ele>189.3</ele></trkpt>
<trkpt lat="45.245840" lon="-71.982280"><ele>182.9</ele></trkpt>
<trkpt lat="45.245100" lon="-71.982740"><ele>182.9</ele></trkpt>
<trkpt lat="45.244430" lon="-71.983110"><ele>182.9</ele></trkpt>
<trkpt lat="45.243960" lon="-71.983430"><ele>182.9</ele></trkpt>
<trkpt lat="45.243670" lon="-71.983590"><ele>182.9</ele></trkpt>
<trkpt lat="45.242940" lon="-71.983920"><ele>182.9</ele></trkpt>
<trkpt lat="45.241880" lon="-71.984380"><ele>182.8</ele></trkpt>
<trkpt lat="45.241400" lon="-71.984500"><ele>182.3</ele></trkpt>
<trkpt lat="45.241100" lon="-71.984510"><ele>182.0</ele></trkpt>
<trkpt lat="45.240900" lon="-71.984500"><ele>181.7</ele></trkpt>
<trkpt lat="45.240570" lon="-71.984390"><ele>181.4</ele></trkpt>
<trkpt lat="45.240090" lon="-71.984309"><ele>180.8</ele></trkpt>
<trkpt lat="45.239289" lon="-71.984230"><ele>180.1</ele></trkpt>
<trkpt lat="45.238610" lon="-71.983949"><ele>180.2</ele></trkpt>
<trkpt lat="45.237879" lon="-71.983790"><ele>180.4</ele></trkpt>
<trkpt lat="45.237380" lon="-71.983720"><ele>180.4</ele></trkpt>
<trkpt lat="45.236400" lon="-71.983680"><ele>180.9</ele></trkpt>
<trkpt lat="45.236040" lon="-71.983740"><ele>181.5</ele></trkpt>
<trkpt lat="45.235370" lon="-71.983920"><ele>182.4</ele></trkpt>
<trkpt lat="45.235110" lon="-71.984000"><ele>182.6</ele></trkpt>
<trkpt lat="45.234050" lon="-71.984399"><ele>182.9</ele></trkpt>
<trkpt lat="45.232439" lon="-71.984820"><ele>182.9</ele></trkpt>
<trkpt lat="45.232450" lon="-71.984820"><ele>182.9</ele></trkpt>
<trkpt lat="45.231110" lon="-71.985200"><ele>182.9</ele></trkpt>
<trkpt lat="45.230490" lon="-71.985170"><ele>182.9</ele></trkpt>
<trkpt lat="45.230050" lon="-71.985090"><ele>182.9</ele></trkpt>
<trkpt lat="45.227370" lon="-71.984700"><ele>182.8</ele></trkpt>
<trkpt lat="45.226909" lon="-71.984500"><ele>182.7</ele></trkpt>
<trkpt lat="45.225890" lon="-71.984180"><ele>182.0</ele></trkpt>
<trkpt lat="45.225820" lon="-71.984170"><ele>181.9</ele></trkpt>
<trkpt lat="45.225499" lon="-71.984230"><ele>181.5</ele></trkpt>
<trkpt lat="45.224880" lon="-71.984260"><ele>180.9</ele></trkpt>
<trkpt lat="45.224810" lon="-71.984250"><ele>180.9</ele></trkpt>
<trkpt lat="45.224660" lon="-71.984140"><ele>180.9</ele></trkpt>
<trkpt lat="45.224750" lon="-71.983810"><ele>181.3</ele></trkpt>
<trkpt lat="45.225270" lon="-71.982440"><ele>182.0</ele></trkpt>
<trkpt lat="45.225450" lon="-71.982040"><ele>182.5</ele></trkpt>
<trkpt lat="45.225720" lon="-71.981560"><ele>182.8</ele></trkpt>
<trkpt lat="45.226010" lon="-71.981110"><ele>183.2</ele></trkpt>
<trkpt lat="45.226600" lon="-71.980450"><ele>186.2</ele></trkpt>
<trkpt lat="45.227650" lon="-71.979159"><ele>191.0</ele></trkpt>
<trkpt lat="45.228160" lon="-71.978630"><ele>193.0</ele></trkpt>
<trkpt lat="45.228300" lon="-71.978410"><ele>193.8</ele></trkpt>
<trkpt lat="45.228350" lon="-71.978280"><ele>194.3</ele></trkpt>
<trkpt lat="45.228370" lon="-71.978170"><ele>194.7</ele></trkpt>
<trkpt lat="45.228380" lon="-71.976730"><ele>199.9</ele></trkpt>
<trkpt lat="45.228490" lon="-71.976400"><ele>201.1</ele></trkpt>
<trkpt lat="45.228650" lon="-71.975420"><ele>204.6</ele></trkpt>
<trkpt lat="45.228690" lon="-71.975000"><ele>206.2</ele></trkpt>
<trkpt lat="45.228650" lon="-71.974480"><ele>208.4</ele></trkpt>
<trkpt lat="45.228499" lon="-71.973290"><ele>212.9</ele></trkpt>
<trkpt lat="45.228440" lon="-71.972520"><ele>212.9</ele></trkpt>
<trkpt lat="45.228360" lon="-71.970710"><ele>212.8</ele></trkpt>
<trkpt lat="45.228240" lon="-71.966050"><ele>226.3</ele></trkpt>
<trkpt lat="45.228060" lon="-71.960780"><ele>246.1</ele></trkpt>
<trkpt lat="45.227930" lon="-71.958000"><ele>255.1</ele></trkpt>
<trkpt lat="45.227920" lon="-71.957050"><ele>258.6</ele></trkpt>
<trkpt lat="45.228390" lon="-71.951250"><ele>273.9</ele></trkpt>
<trkpt lat="45.228850" lon="-71.945250"><ele>281.4</ele></trkpt>
<trkpt lat="45.229259" lon="-71.940140"><ele>295.5</ele></trkpt>
<trkpt lat="45.229390" lon="-71.938350"><ele>299.6</ele></trkpt>
<trkpt lat="45.223840" lon="-71.938350"><ele>303.0</ele></trkpt>
<trkpt lat="45.221200" lon="-71.938900"><ele>303.6</ele></trkpt>
<trkpt lat="45.220570" lon="-71.938990"><ele>304.1</ele></trkpt>
<trkpt lat="45.219990" lon="-71.939190"><ele>304.6</ele></trkpt>
<trkpt lat="45.219280" lon="-71.939570"><ele>304.0</ele></trkpt>
<trkpt lat="45.219020" lon="-71.939750"><ele>303.9</ele></trkpt>
<trkpt lat="45.218350" lon="-71.940360"><ele>303.9</ele></trkpt>
<trkpt lat="45.218089" lon="-71.940540"><ele>303.9</ele></trkpt>
<trkpt lat="45.217860" lon="-71.940680"><ele>303.9</ele></trkpt>
<trkpt lat="45.217400" lon="-71.940910"><ele>303.9</ele></trkpt>
<trkpt lat="45.214370" lon="-71.942610"><ele>303.9</ele></trkpt>
<trkpt lat="45.212230" lon="-71.943980"><ele>303.9</ele></trkpt>
<trkpt lat="45.212060" lon="-71.944080"><ele>303.9</ele></trkpt>
<trkpt lat="45.211880" lon="-71.944140"><ele>303.9</ele></trkpt>
<trkpt lat="45.211520" lon="-71.944160"><ele>303.9</ele></trkpt>
<trkpt lat="45.211220" lon="-71.944120"><ele>303.9</ele></trkpt>
<trkpt lat="45.210810" lon="-71.944010"><ele>303.9</ele></trkpt>
<trkpt lat="45.210820" lon="-71.943990"><ele>303.9</ele></trkpt>
<trkpt lat="45.210650" lon="-71.943930"><ele>303.9</ele></trkpt>
<trkpt lat="45.210470" lon="-71.943879"><ele>303.9</ele></trkpt>
<trkpt lat="45.210299" lon="-71.943820"><ele>303.9</ele></trkpt>
<trkpt lat="45.210120" lon="-71.943770"><ele>303.9</ele></trkpt>
<trkpt lat="45.209420" lon="-71.943550"><ele>304.4</ele></trkpt>
<trkpt lat="45.209310" lon="-71.943520"><ele>304.5</ele></trkpt>
<trkpt lat="45.209000" lon="-71.943450"><ele>304.6</ele></trkpt>
<trkpt lat="45.208820" lon="-71.943410"><ele>304.5</ele></trkpt>
<trkpt lat="45.208799" lon="-71.943410"><ele>304.5</ele></trkpt>
<trkpt lat="45.208640" lon="-71.943360"><ele>304.3</ele></trkpt>
<trkpt lat="45.207940" lon="-71.943170"><ele>303.9</ele></trkpt>
<trkpt lat="45.207880" lon="-71.943160"><ele>303.9</ele></trkpt>
<trkpt lat="45.207410" lon="-71.943029"><ele>303.7</ele></trkpt>
<trkpt lat="45.207230" lon="-71.942980"><ele>303.5</ele></trkpt>
<trkpt lat="45.207050" lon="-71.942930"><ele>303.3</ele></trkpt>
<trkpt lat="45.206700" lon="-71.942830"><ele>303.0</ele></trkpt>
<trkpt lat="45.206520" lon="-71.942790"><ele>303.0</ele></trkpt>
<trkpt lat="45.206500" lon="-71.942780"><ele>303.0</ele></trkpt>
<trkpt lat="45.206350" lon="-71.942740"><ele>303.1</ele></trkpt>
<trkpt lat="45.206170" lon="-71.942690"><ele>303.2</ele></trkpt>
<trkpt lat="45.205990" lon="-71.942640"><ele>303.4</ele></trkpt>
<trkpt lat="45.205850" lon="-71.942600"><ele>303.6</ele></trkpt>
<trkpt lat="45.205820" lon="-71.942600"><ele>303.6</ele></trkpt>
<trkpt lat="45.205640" lon="-71.942539"><ele>303.8</ele></trkpt>
<trkpt lat="45.205470" lon="-71.942490"><ele>303.9</ele></trkpt>
<trkpt lat="45.205290" lon="-71.942430"><ele>304.0</ele></trkpt>
<trkpt lat="45.205170" lon="-71.942400"><ele>304.0</ele></trkpt>
<trkpt lat="45.204940" lon="-71.942320"><ele>304.2</ele></trkpt>
<trkpt lat="45.204760" lon="-71.942260"><ele>304.4</ele></trkpt>
<trkpt lat="45.204690" lon="-71.942240"><ele>304.5</ele></trkpt>
<trkpt lat="45.204590" lon="-71.942200"><ele>304.6</ele></trkpt>
<trkpt lat="45.204240" lon="-71.942080"><ele>304.8</ele></trkpt>
<trkpt lat="45.204070" lon="-71.942020"><ele>304.9</ele></trkpt>
<trkpt lat="45.203940" lon="-71.941970"><ele>304.9</ele></trkpt>
<trkpt lat="45.203890" lon="-71.941960"><ele>305.0</ele></trkpt>
<trkpt lat="45.203690" lon="-71.941900"><ele>305.1</ele></trkpt>
<trkpt lat="45.203539" lon="-71.941860"><ele>305.3</ele></trkpt>
<trkpt lat="45.203400" lon="-71.941820"><ele>305.6</ele></trkpt>
<trkpt lat="45.203360" lon="-71.941810"><ele>305.7</ele></trkpt>
<trkpt lat="45.203180" lon="-71.941770"><ele>306.1</ele></trkpt>
<trkpt lat="45.203170" lon="-71.941770"><ele>306.1</ele></trkpt>
<trkpt lat="45.203010" lon="-71.941730"><ele>306.5</ele></trkpt>
<trkpt lat="45.202790" lon="-71.941680"><ele>307.0</ele></trkpt>
<trkpt lat="45.202470" lon="-71.941640"><ele>307.8</ele></trkpt>
<trkpt lat="45.202419" lon="-71.941630"><ele>307.9</ele></trkpt>
<trkpt lat="45.202110" lon="-71.941570"><ele>308.5</ele></trkpt>
<trkpt lat="45.201940" lon="-71.941540"><ele>308.9</ele></trkpt>
<trkpt lat="45.201910" lon="-71.941530"><ele>309.0</ele></trkpt>
<trkpt lat="45.201760" lon="-71.941520"><ele>309.3</ele></trkpt>
<trkpt lat="45.201580" lon="-71.941500"><ele>309.8</ele></trkpt>
<trkpt lat="45.201220" lon="-71.941470"><ele>310.8</ele></trkpt>
<trkpt lat="45.201090" lon="-71.941450"><ele>311.2</ele></trkpt>
<trkpt lat="45.201040" lon="-71.941450"><ele>311.3</ele></trkpt>
<trkpt lat="45.200240" lon="-71.941350"><ele>313.1</ele></trkpt>
<trkpt lat="45.200140" lon="-71.941329"><ele>313.2</ele></trkpt>
<trkpt lat="45.199610" lon="-71.941220"><ele>313.9</ele></trkpt>
<trkpt lat="45.198900" lon="-71.941080"><ele>313.7</ele></trkpt>
<trkpt lat="45.198580" lon="-71.941020"><ele>313.2</ele></trkpt>
<trkpt lat="45.198540" lon="-71.941010"><ele>313.2</ele></trkpt>
<trkpt lat="45.198180" lon="-71.940940"><ele>312.8</ele></trkpt>
<trkpt lat="45.198000" lon="-71.940900"><ele>312.6</ele></trkpt>
<trkpt lat="45.197170" lon="-71.940660"><ele>311.1</ele></trkpt>
<trkpt lat="45.196850" lon="-71.940510"><ele>309.6</ele></trkpt>
<trkpt lat="45.196640" lon="-71.940370"><ele>308.6</ele></trkpt>
<trkpt lat="45.196250" lon="-71.940110"><ele>306.8</ele></trkpt>
<trkpt lat="45.196000" lon="-71.939930"><ele>305.9</ele></trkpt>
<trkpt lat="45.195839" lon="-71.939810"><ele>305.5</ele></trkpt>
<trkpt lat="45.195680" lon="-71.939690"><ele>305.3</ele></trkpt>
<trkpt lat="45.195510" lon="-71.939580"><ele>305.1</ele></trkpt>
<trkpt lat="45.195350" lon="-71.939460"><ele>305.0</ele></trkpt>
<trkpt lat="45.195030" lon="-71.939230"><ele>304.7</ele></trkpt>
<trkpt lat="45.194870" lon="-71.939120"><ele>304.5</ele></trkpt>
<trkpt lat="45.194390" lon="-71.938770"><ele>303.9</ele></trkpt>
<trkpt lat="45.194230" lon="-71.938650"><ele>303.9</ele></trkpt>
<trkpt lat="45.194070" lon="-71.938540"><ele>303.8</ele></trkpt>
<trkpt lat="45.193900" lon="-71.938419"><ele>303.9</ele></trkpt>
<trkpt lat="45.193750" lon="-71.938310"><ele>303.9</ele></trkpt>
<trkpt lat="45.193590" lon="-71.938190"><ele>303.9</ele></trkpt>
<trkpt lat="45.193430" lon="-71.938070"><ele>303.9</ele></trkpt>
<trkpt lat="45.193270" lon="-71.937950"><ele>303.9</ele></trkpt>
<trkpt lat="45.193110" lon="-71.937840"><ele>303.9</ele></trkpt>
<trkpt lat="45.192950" lon="-71.937720"><ele>303.9</ele></trkpt>
<trkpt lat="45.192790" lon="-71.937600"><ele>303.9</ele></trkpt>
<trkpt lat="45.192630" lon="-71.937490"><ele>303.9</ele></trkpt>
<trkpt lat="45.192520" lon="-71.937450"><ele>303.8</ele></trkpt>
<trkpt lat="45.192330" lon="-71.937389"><ele>303.8</ele></trkpt>
<trkpt lat="45.192180" lon="-71.937350"><ele>303.8</ele></trkpt>
<trkpt lat="45.192160" lon="-71.937350"><ele>303.8</ele></trkpt>
<trkpt lat="45.191980" lon="-71.937330"><ele>303.9</ele></trkpt>
<trkpt lat="45.191800" lon="-71.937310"><ele>303.9</ele></trkpt>
<trkpt lat="45.191800" lon="-71.937310"><ele>303.9</ele></trkpt>
<trkpt lat="45.191520" lon="-71.937330"><ele>304.2</ele></trkpt>
<trkpt lat="45.191440" lon="-71.937340"><ele>304.3</ele></trkpt>
<trkpt lat="45.191130" lon="-71.937350"><ele>304.8</ele></trkpt>
<trkpt lat="45.191080" lon="-71.937350"><ele>304.9</ele></trkpt>
<trkpt lat="45.190830" lon="-71.937340"><ele>305.5</ele></trkpt>
<trkpt lat="45.190770" lon="-71.937330"><ele>305.7</ele></trkpt>
<trkpt lat="45.190650" lon="-71.937330"><ele>305.9</ele></trkpt>
<trkpt lat="45.190290" lon="-71.937320"><ele>306.8</ele></trkpt>
<trkpt lat="45.190110" lon="-71.937310"><ele>307.2</ele></trkpt>
<trkpt lat="45.189929" lon="-71.937299"><ele>307.6</ele></trkpt>
<trkpt lat="45.189749" lon="-71.937299"><ele>307.9</ele></trkpt>
<trkpt lat="45.189480" lon="-71.937290"><ele>308.3</ele></trkpt>
<trkpt lat="45.189390" lon="-71.937280"><ele>308.5</ele></trkpt>
<trkpt lat="45.188670" lon="-71.937270"><ele>309.5</ele></trkpt>
<trkpt lat="45.188310" lon="-71.937260"><ele>310.0</ele></trkpt>
<trkpt lat="45.187950" lon="-71.937250"><ele>310.4</ele></trkpt>
<trkpt lat="45.187470" lon="-71.937240"><ele>310.8</ele></trkpt>
<trkpt lat="45.186520" lon="-71.937150"><ele>312.1</ele></trkpt>
<trkpt lat="45.186190" lon="-71.937029"><ele>313.1</ele></trkpt>
<trkpt lat="45.185840" lon="-71.936890"><ele>313.9</ele></trkpt>
<trkpt lat="45.185660" lon="-71.936840"><ele>314.0</ele></trkpt>
<trkpt lat="45.185490" lon="-71.936790"><ele>314.1</ele></trkpt>
<trkpt lat="45.185160" lon="-71.936700"><ele>314.2</ele></trkpt>
<trkpt lat="45.184340" lon="-71.936430"><ele>315.5</ele></trkpt>
<trkpt lat="45.184120" lon="-71.936359"><ele>316.1</ele></trkpt>
<trkpt lat="45.183940" lon="-71.936320"><ele>316.6</ele></trkpt>
<trkpt lat="45.183760" lon="-71.936269"><ele>317.1</ele></trkpt>
<trkpt lat="45.183590" lon="-71.936220"><ele>317.5</ele></trkpt>
<trkpt lat="45.183510" lon="-71.936200"><ele>317.7</ele></trkpt>
<trkpt lat="45.183410" lon="-71.936170"><ele>318.0</ele></trkpt>
<trkpt lat="45.183060" lon="-71.936100"><ele>318.6</ele></trkpt>
<trkpt lat="45.182699" lon="-71.936020"><ele>319.3</ele></trkpt>
<trkpt lat="45.182699" lon="-71.936020"><ele>319.3</ele></trkpt>
<trkpt lat="45.182720" lon="-71.935250"><ele>321.8</ele></trkpt>
<trkpt lat="45.182750" lon="-71.934230"><ele>324.5</ele></trkpt>
<trkpt lat="45.182750" lon="-71.933980"><ele>325.2</ele></trkpt>
<trkpt lat="45.182760" lon="-71.933719"><ele>326.0</ele></trkpt>
<trkpt lat="45.182780" lon="-71.933210"><ele>327.5</ele></trkpt>
<trkpt lat="45.182790" lon="-71.932720"><ele>328.9</ele></trkpt>
<trkpt lat="45.182790" lon="-71.932450"><ele>329.8</ele></trkpt>
<trkpt lat="45.182790" lon="-71.931940"><ele>331.6</ele></trkpt>
<trkpt lat="45.182790" lon="-71.931430"><ele>332.9</ele></trkpt>
<trkpt lat="45.182790" lon="-71.930660"><ele>336.2</ele></trkpt>
<trkpt lat="45.182790" lon="-71.929130"><ele>345.0</ele></trkpt>
<trkpt lat="45.182790" lon="-71.928870"><ele>345.4</ele></trkpt>
<trkpt lat="45.182790" lon="-71.928620"><ele>345.7</ele></trkpt>
<trkpt lat="45.182790" lon="-71.928110"><ele>346.1</ele></trkpt>
<trkpt lat="45.182790" lon="-71.927850"><ele>346.3</ele></trkpt>
<trkpt lat="45.182790" lon="-71.927600"><ele>346.7</ele></trkpt>
<trkpt lat="45.182790" lon="-71.927340"><ele>347.3</ele></trkpt>
<trkpt lat="45.182790" lon="-71.927090"><ele>347.9</ele></trkpt>
<trkpt lat="45.182790" lon="-71.926830"><ele>348.5</ele></trkpt>
<trkpt lat="45.182790" lon="-71.926580"><ele>349.1</ele></trkpt>
<trkpt lat="45.182790" lon="-71.925810"><ele>351.1</ele></trkpt>
<trkpt lat="45.182790" lon="-71.925560"><ele>351.9</ele></trkpt>
<trkpt lat="45.182790" lon="-71.925050"><ele>353.7</ele></trkpt>
<trkpt lat="45.182790" lon="-71.924449"><ele>355.6</ele></trkpt>
<trkpt lat="45.182790" lon="-71.923940"><ele>357.2</ele></trkpt>
<trkpt lat="45.182790" lon="-71.923430"><ele>359.0</ele></trkpt>
<trkpt lat="45.182790" lon="-71.923180"><ele>360.0</ele></trkpt>
<trkpt lat="45.182790" lon="-71.922920"><ele>361.0</ele></trkpt>
<trkpt lat="45.182790" lon="-71.922270"><ele>364.0</ele></trkpt>
<trkpt lat="45.182750" lon="-71.921989"><ele>365.7</ele></trkpt>
<trkpt lat="45.182710" lon="-71.921740"><ele>367.6</ele></trkpt>
<trkpt lat="45.182680" lon="-71.921490"><ele>369.7</ele></trkpt>
<trkpt lat="45.182670" lon="-71.921430"><ele>370.2</ele></trkpt>
<trkpt lat="45.182510" lon="-71.921040"><ele>374.3</ele></trkpt>
<trkpt lat="45.182420" lon="-71.920820"><ele>376.6</ele></trkpt>
<trkpt lat="45.182160" lon="-71.920150"><ele>382.7</ele></trkpt>
<trkpt lat="45.182070" lon="-71.919929"><ele>384.7</ele></trkpt>
<trkpt lat="45.181980" lon="-71.919710"><ele>386.8</ele></trkpt>
<trkpt lat="45.181750" lon="-71.919140"><ele>391.6</ele></trkpt>
<trkpt lat="45.181660" lon="-71.918800"><ele>393.8</ele></trkpt>
<trkpt lat="45.181520" lon="-71.918330"><ele>397.8</ele></trkpt>
<trkpt lat="45.181450" lon="-71.918090"><ele>400.4</ele></trkpt>
<trkpt lat="45.181250" lon="-71.917380"><ele>408.6</ele></trkpt>
<trkpt lat="45.181250" lon="-71.917370"><ele>408.7</ele></trkpt>
<trkpt lat="45.181190" lon="-71.917140"><ele>411.0</ele></trkpt>
<trkpt lat="45.181120" lon="-71.916900"><ele>413.3</ele></trkpt>
<trkpt lat="45.181030" lon="-71.916430"><ele>417.2</ele></trkpt>
<trkpt lat="45.181030" lon="-71.916410"><ele>417.3</ele></trkpt>
<trkpt lat="45.180910" lon="-71.915629"><ele>422.7</ele></trkpt>
<trkpt lat="45.180810" lon="-71.914910"><ele>424.7</ele></trkpt>
<trkpt lat="45.180710" lon="-71.914160"><ele>420.7</ele></trkpt>
<trkpt lat="45.180630" lon="-71.913540"><ele>413.8</ele></trkpt>
<trkpt lat="45.180610" lon="-71.913410"><ele>412.3</ele></trkpt>
<trkpt lat="45.180530" lon="-71.912940"><ele>407.0</ele></trkpt>
<trkpt lat="45.180520" lon="-71.912910"><ele>406.7</ele></trkpt>
<trkpt lat="45.180480" lon="-71.912660"><ele>403.9</ele></trkpt>
<trkpt lat="45.180440" lon="-71.912410"><ele>401.2</ele></trkpt>
<trkpt lat="45.180380" lon="-71.912010"><ele>397.8</ele></trkpt>
<trkpt lat="45.180270" lon="-71.911420"><ele>395.8</ele></trkpt>
<trkpt lat="45.180079" lon="-71.910450"><ele>395.8</ele></trkpt>
<trkpt lat="45.180079" lon="-71.910440"><ele>395.8</ele></trkpt>
<trkpt lat="45.180000" lon="-71.910030"><ele>395.9</ele></trkpt>
<trkpt lat="45.179980" lon="-71.909950"><ele>395.9</ele></trkpt>
<trkpt lat="45.179930" lon="-71.909719"><ele>395.9</ele></trkpt>
<trkpt lat="45.179920" lon="-71.909710"><ele>395.9</ele></trkpt>
<trkpt lat="45.179860" lon="-71.909470"><ele>395.9</ele></trkpt>
<trkpt lat="45.179830" lon="-71.909350"><ele>395.9</ele></trkpt>
<trkpt lat="45.179780" lon="-71.909240"><ele>395.9</ele></trkpt>
<trkpt lat="45.179699" lon="-71.909010"><ele>395.9</ele></trkpt>
<trkpt lat="45.179560" lon="-71.908610"><ele>395.9</ele></trkpt>
<trkpt lat="45.179460" lon="-71.908330"><ele>395.8</ele></trkpt>
<trkpt lat="45.179360" lon="-71.908109"><ele>395.8</ele></trkpt>
<trkpt lat="45.179330" lon="-71.908040"><ele>395.8</ele></trkpt>
<trkpt lat="45.179229" lon="-71.907800"><ele>395.8</ele></trkpt>
<trkpt lat="45.179160" lon="-71.907680"><ele>395.9</ele></trkpt>
<trkpt lat="45.179110" lon="-71.907590"><ele>395.9</ele></trkpt>
<trkpt lat="45.178800" lon="-71.907210"><ele>396.4</ele></trkpt>
<trkpt lat="45.178520" lon="-71.906809"><ele>396.6</ele></trkpt>
<trkpt lat="45.178510" lon="-71.906809"><ele>396.6</ele></trkpt>
<trkpt lat="45.178170" lon="-71.906340"><ele>396.5</ele></trkpt>
<trkpt lat="45.178130" lon="-71.906270"><ele>396.4</ele></trkpt>
<trkpt lat="45.177880" lon="-71.905890"><ele>396.4</ele></trkpt>
<trkpt lat="45.177400" lon="-71.905140"><ele>396.0</ele></trkpt>
<trkpt lat="45.177349" lon="-71.905070"><ele>396.0</ele></trkpt>
<trkpt lat="45.176980" lon="-71.904450"><ele>395.8</ele></trkpt>
<trkpt lat="45.176930" lon="-71.904370"><ele>395.8</ele></trkpt>
<trkpt lat="45.176820" lon="-71.904180"><ele>395.6</ele></trkpt>
<trkpt lat="45.176810" lon="-71.904169"><ele>395.6</ele></trkpt>
<trkpt lat="45.176699" lon="-71.903950"><ele>395.1</ele></trkpt>
<trkpt lat="45.176480" lon="-71.903390"><ele>393.0</ele></trkpt>
<trkpt lat="45.176450" lon="-71.903300"><ele>392.6</ele></trkpt>
<trkpt lat="45.176110" lon="-71.902390"><ele>389.4</ele></trkpt>
<trkpt lat="45.176030" lon="-71.902170"><ele>388.8</ele></trkpt>
<trkpt lat="45.175810" lon="-71.901470"><ele>387.0</ele></trkpt>
<trkpt lat="45.175510" lon="-71.900540"><ele>383.9</ele></trkpt>
<trkpt lat="45.175390" lon="-71.900060"><ele>382.3</ele></trkpt>
<trkpt lat="45.175340" lon="-71.899810"><ele>381.2</ele></trkpt>
<trkpt lat="45.175280" lon="-71.899570"><ele>380.2</ele></trkpt>
<trkpt lat="45.175130" lon="-71.898970"><ele>378.3</ele></trkpt>
<trkpt lat="45.175100" lon="-71.898850"><ele>378.0</ele></trkpt>
<trkpt lat="45.174970" lon="-71.898390"><ele>376.9</ele></trkpt>
<trkpt lat="45.174970" lon="-71.898380"><ele>376.8</ele></trkpt>
<trkpt lat="45.174790" lon="-71.897930"><ele>375.3</ele></trkpt>
<trkpt lat="45.174720" lon="-71.897730"><ele>374.6</ele></trkpt>
<trkpt lat="45.174660" lon="-71.897540"><ele>373.9</ele></trkpt>
<trkpt lat="45.174630" lon="-71.897360"><ele>373.3</ele></trkpt>
<trkpt lat="45.174610" lon="-71.897220"><ele>372.8</ele></trkpt>
<trkpt lat="45.174600" lon="-71.897170"><ele>372.7</ele></trkpt>
<trkpt lat="45.174590" lon="-71.896960"><ele>372.1</ele></trkpt>
<trkpt lat="45.174560" lon="-71.896500"><ele>370.7</ele></trkpt>
<trkpt lat="45.174550" lon="-71.895940"><ele>369.1</ele></trkpt>
<trkpt lat="45.174550" lon="-71.895690"><ele>368.5</ele></trkpt>
<trkpt lat="45.174540" lon="-71.895430"><ele>368.0</ele></trkpt>
<trkpt lat="45.174540" lon="-71.895280"><ele>367.8</ele></trkpt>
<trkpt lat="45.174540" lon="-71.894920"><ele>367.2</ele></trkpt>
<trkpt lat="45.174540" lon="-71.894409"><ele>366.4</ele></trkpt>
<trkpt lat="45.174550" lon="-71.893870"><ele>365.7</ele></trkpt>
<trkpt lat="45.174540" lon="-71.893390"><ele>364.3</ele></trkpt>
<trkpt lat="45.174510" lon="-71.892370"><ele>357.8</ele></trkpt>
<trkpt lat="45.174500" lon="-71.891630"><ele>355.2</ele></trkpt>
<trkpt lat="45.174500" lon="-71.891610"><ele>355.2</ele></trkpt>
<trkpt lat="45.174490" lon="-71.891350"><ele>354.6</ele></trkpt>
<trkpt lat="45.174480" lon="-71.890840"><ele>353.5</ele></trkpt>
<trkpt lat="45.174480" lon="-71.890590"><ele>353.1</ele></trkpt>
<trkpt lat="45.174470" lon="-71.890260"><ele>352.5</ele></trkpt>
<trkpt lat="45.174470" lon="-71.890080"><ele>352.2</ele></trkpt>
<trkpt lat="45.174470" lon="-71.889820"><ele>351.7</ele></trkpt>
<trkpt lat="45.174470" lon="-71.889490"><ele>351.0</ele></trkpt>
<trkpt lat="45.174460" lon="-71.889310"><ele>350.7</ele></trkpt>
<trkpt lat="45.174450" lon="-71.888290"><ele>349.1</ele></trkpt>
<trkpt lat="45.174450" lon="-71.888229"><ele>349.0</ele></trkpt>
<trkpt lat="45.174450" lon="-71.887780"><ele>348.5</ele></trkpt>
<trkpt lat="45.174450" lon="-71.887530"><ele>348.1</ele></trkpt>
<trkpt lat="45.174450" lon="-71.887300"><ele>347.8</ele></trkpt>
<trkpt lat="45.174450" lon="-71.887270"><ele>347.7</ele></trkpt>
<trkpt lat="45.174430" lon="-71.886760"><ele>347.0</ele></trkpt>
<trkpt lat="45.174420" lon="-71.886510"><ele>346.7</ele></trkpt>
<trkpt lat="45.174410" lon="-71.886000"><ele>346.1</ele></trkpt>
<trkpt lat="45.174390" lon="-71.885490"><ele>345.6</ele></trkpt>
<trkpt lat="45.174390" lon="-71.885230"><ele>345.1</ele></trkpt>
<trkpt lat="45.174380" lon="-71.884980"><ele>344.6</ele></trkpt>
<trkpt lat="45.174370" lon="-71.884720"><ele>344.1</ele></trkpt>
<trkpt lat="45.174360" lon="-71.884190"><ele>343.6</ele></trkpt>
<trkpt lat="45.174360" lon="-71.883960"><ele>343.8</ele></trkpt>
<trkpt lat="45.174349" lon="-71.883450"><ele>345.7</ele></trkpt>
<trkpt lat="45.174349" lon="-71.882940"><ele>348.1</ele></trkpt>
<trkpt lat="45.174349" lon="-71.882430"><ele>350.3</ele></trkpt>
<trkpt lat="45.174349" lon="-71.881660"><ele>352.0</ele></trkpt>
<trkpt lat="45.174349" lon="-71.881410"><ele>352.2</ele></trkpt>
<trkpt lat="45.174349" lon="-71.881150"><ele>352.3</ele></trkpt>
<trkpt lat="45.174349" lon="-71.880640"><ele>352.2</ele></trkpt>
<trkpt lat="45.174349" lon="-71.880160"><ele>352.3</ele></trkpt>
<trkpt lat="45.174320" lon="-71.879400"><ele>353.4</ele></trkpt>
<trkpt lat="45.174320" lon="-71.879140"><ele>353.7</ele></trkpt>
<trkpt lat="45.174290" lon="-71.878120"><ele>354.2</ele></trkpt>
<trkpt lat="45.174280" lon="-71.877830"><ele>354.6</ele></trkpt>
<trkpt lat="45.174259" lon="-71.877619"><ele>354.9</ele></trkpt>
<trkpt lat="45.174240" lon="-71.877360"><ele>355.0</ele></trkpt>
<trkpt lat="45.174230" lon="-71.877110"><ele>354.8</ele></trkpt>
<trkpt lat="45.174190" lon="-71.876600"><ele>354.4</ele></trkpt>
<trkpt lat="45.174169" lon="-71.876350"><ele>354.2</ele></trkpt>
<trkpt lat="45.174160" lon="-71.876250"><ele>354.1</ele></trkpt>
<trkpt lat="45.174150" lon="-71.876090"><ele>354.0</ele></trkpt>
<trkpt lat="45.174120" lon="-71.875590"><ele>354.0</ele></trkpt>
<trkpt lat="45.174070" lon="-71.874820"><ele>353.8</ele></trkpt>
<trkpt lat="45.174040" lon="-71.874310"><ele>353.3</ele></trkpt>
<trkpt lat="45.174030" lon="-71.874060"><ele>353.0</ele></trkpt>
<trkpt lat="45.174000" lon="-71.873550"><ele>352.5</ele></trkpt>
<trkpt lat="45.173980" lon="-71.873300"><ele>352.3</ele></trkpt>
<trkpt lat="45.173940" lon="-71.872530"><ele>351.2</ele></trkpt>
<trkpt lat="45.173890" lon="-71.871770"><ele>349.9</ele></trkpt>
<trkpt lat="45.173860" lon="-71.871260"><ele>349.1</ele></trkpt>
<trkpt lat="45.173850" lon="-71.871129"><ele>348.9</ele></trkpt>
<trkpt lat="45.173850" lon="-71.871010"><ele>348.7</ele></trkpt>
<trkpt lat="45.173850" lon="-71.870750"><ele>348.2</ele></trkpt>
<trkpt lat="45.173840" lon="-71.870390"><ele>347.3</ele></trkpt>
<trkpt lat="45.173830" lon="-71.870250"><ele>347.0</ele></trkpt>
<trkpt lat="45.173800" lon="-71.869990"><ele>346.6</ele></trkpt>
<trkpt lat="45.173789" lon="-71.869910"><ele>346.5</ele></trkpt>
<trkpt lat="45.173770" lon="-71.869739"><ele>346.3</ele></trkpt>
<trkpt lat="45.173690" lon="-71.869240"><ele>345.9</ele></trkpt>
<trkpt lat="45.173680" lon="-71.869180"><ele>345.9</ele></trkpt>
<trkpt lat="45.173590" lon="-71.868760"><ele>345.3</ele></trkpt>
<trkpt lat="45.173510" lon="-71.868400"><ele>344.7</ele></trkpt>
<trkpt lat="45.173480" lon="-71.868270"><ele>344.5</ele></trkpt>
<trkpt lat="45.173360" lon="-71.867790"><ele>344.0</ele></trkpt>
<trkpt lat="45.173250" lon="-71.867300"><ele>343.3</ele></trkpt>
<trkpt lat="45.173190" lon="-71.867060"><ele>342.9</ele></trkpt>
<trkpt lat="45.173070" lon="-71.866580"><ele>341.8</ele></trkpt>
<trkpt lat="45.172920" lon="-71.865950"><ele>340.4</ele></trkpt>
<trkpt lat="45.172900" lon="-71.865860"><ele>340.3</ele></trkpt>
<trkpt lat="45.172830" lon="-71.865620"><ele>340.0</ele></trkpt>
<trkpt lat="45.172700" lon="-71.865140"><ele>339.6</ele></trkpt>
<trkpt lat="45.172640" lon="-71.864900"><ele>339.3</ele></trkpt>
<trkpt lat="45.172620" lon="-71.864840"><ele>339.2</ele></trkpt>
<trkpt lat="45.172580" lon="-71.864660"><ele>338.9</ele></trkpt>
<trkpt lat="45.172530" lon="-71.864430"><ele>338.4</ele></trkpt>
<trkpt lat="45.172500" lon="-71.864170"><ele>337.9</ele></trkpt>
<trkpt lat="45.172450" lon="-71.863660"><ele>337.2</ele></trkpt>
<trkpt lat="45.172410" lon="-71.863320"><ele>336.8</ele></trkpt>
<trkpt lat="45.172410" lon="-71.863320"><ele>336.8</ele></trkpt>
<trkpt lat="45.172050" lon="-71.863360"><ele>336.8</ele></trkpt>
<trkpt lat="45.171700" lon="-71.863400"><ele>336.9</ele></trkpt>
<trkpt lat="45.171160" lon="-71.863470"><ele>337.1</ele></trkpt>
<trkpt lat="45.170440" lon="-71.863560"><ele>337.3</ele></trkpt>
<trkpt lat="45.169900" lon="-71.863630"><ele>337.5</ele></trkpt>
<trkpt lat="45.169550" lon="-71.863670"><ele>337.7</ele></trkpt>
<trkpt lat="45.169010" lon="-71.863740"><ele>338.2</ele></trkpt>
<trkpt lat="45.168670" lon="-71.863790"><ele>338.6</ele></trkpt>
<trkpt lat="45.168190" lon="-71.863800"><ele>339.1</ele></trkpt>
<trkpt lat="45.168110" lon="-71.863770"><ele>339.1</ele></trkpt>
<trkpt lat="45.168000" lon="-71.863740"><ele>339.2</ele></trkpt>
<trkpt lat="45.167780" lon="-71.863670"><ele>339.3</ele></trkpt>
<trkpt lat="45.167480" lon="-71.863500"><ele>339.3</ele></trkpt>
<trkpt lat="45.167060" lon="-71.863159"><ele>339.7</ele></trkpt>
<trkpt lat="45.166870" lon="-71.862960"><ele>339.9</ele></trkpt>
<trkpt lat="45.166300" lon="-71.862340"><ele>340.3</ele></trkpt>
<trkpt lat="45.166010" lon="-71.862030"><ele>340.6</ele></trkpt>
<trkpt lat="45.165970" lon="-71.861990"><ele>340.6</ele></trkpt>
<trkpt lat="45.165880" lon="-71.861859"><ele>340.7</ele></trkpt>
<trkpt lat="45.165619" lon="-71.861470"><ele>341.1</ele></trkpt>
<trkpt lat="45.165550" lon="-71.861270"><ele>341.2</ele></trkpt>
<trkpt lat="45.165470" lon="-71.861040"><ele>341.2</ele></trkpt>
<trkpt lat="45.165470" lon="-71.861020"><ele>341.1</ele></trkpt>
<trkpt lat="45.165349" lon="-71.860030"><ele>339.4</ele></trkpt>
<trkpt lat="45.165320" lon="-71.859780"><ele>339.0</ele></trkpt>
<trkpt lat="45.165360" lon="-71.859770"><ele>338.9</ele></trkpt>
<trkpt lat="45.165320" lon="-71.859390"><ele>338.6</ele></trkpt>
<trkpt lat="45.165240" lon="-71.859000"><ele>338.7</ele></trkpt>
<trkpt lat="45.164980" lon="-71.857940"><ele>339.7</ele></trkpt>
<trkpt lat="45.164720" lon="-71.856880"><ele>340.5</ele></trkpt>
<trkpt lat="45.164530" lon="-71.856219"><ele>340.6</ele></trkpt>
<trkpt lat="45.164340" lon="-71.855560"><ele>340.8</ele></trkpt>
<trkpt lat="45.163970" lon="-71.854400"><ele>341.2</ele></trkpt>
<trkpt lat="45.163600" lon="-71.853250"><ele>341.7</ele></trkpt>
<trkpt lat="45.163220" lon="-71.852090"><ele>341.6</ele></trkpt>
<trkpt lat="45.162850" lon="-71.850940"><ele>340.7</ele></trkpt>
<trkpt lat="45.162630" lon="-71.850440"><ele>340.3</ele></trkpt>
<trkpt lat="45.162420" lon="-71.850090"><ele>340.1</ele></trkpt>
<trkpt lat="45.161770" lon="-71.849260"><ele>341.4</ele></trkpt>
<trkpt lat="45.161130" lon="-71.848420"><ele>342.6</ele></trkpt>
<trkpt lat="45.160490" lon="-71.847590"><ele>344.0</ele></trkpt>
<trkpt lat="45.160010" lon="-71.847030"><ele>345.1</ele></trkpt>
<trkpt lat="45.159529" lon="-71.846459"><ele>346.1</ele></trkpt>
<trkpt lat="45.159000" lon="-71.845620"><ele>347.1</ele></trkpt>
<trkpt lat="45.158460" lon="-71.844790"><ele>348.9</ele></trkpt>
<trkpt lat="45.158350" lon="-71.844560"><ele>349.4</ele></trkpt>
<trkpt lat="45.157980" lon="-71.843570"><ele>352.0</ele></trkpt>
<trkpt lat="45.157590" lon="-71.842660"><ele>355.2</ele></trkpt>
<trkpt lat="45.157210" lon="-71.841750"><ele>357.8</ele></trkpt>
<trkpt lat="45.156830" lon="-71.840840"><ele>360.2</ele></trkpt>
<trkpt lat="45.156480" lon="-71.839780"><ele>362.8</ele></trkpt>
<trkpt lat="45.156270" lon="-71.839000"><ele>364.2</ele></trkpt>
<trkpt lat="45.156220" lon="-71.838750"><ele>364.6</ele></trkpt>
<trkpt lat="45.156200" lon="-71.838440"><ele>365.0</ele></trkpt>
<trkpt lat="45.156160" lon="-71.837420"><ele>365.5</ele></trkpt>
<trkpt lat="45.156120" lon="-71.836390"><ele>365.2</ele></trkpt>
<trkpt lat="45.156080" lon="-71.835360"><ele>364.9</ele></trkpt>
<trkpt lat="45.156090" lon="-71.834819"><ele>364.9</ele></trkpt>
<trkpt lat="45.156149" lon="-71.833950"><ele>364.8</ele></trkpt>
<trkpt lat="45.156160" lon="-71.833360"><ele>365.1</ele></trkpt>
<trkpt lat="45.156149" lon="-71.832710"><ele>365.8</ele></trkpt>
<trkpt lat="45.156149" lon="-71.832050"><ele>364.2</ele></trkpt>
<trkpt lat="45.156090" lon="-71.830850"><ele>360.1</ele></trkpt>
<trkpt lat="45.156090" lon="-71.829870"><ele>356.6</ele></trkpt>
<trkpt lat="45.156070" lon="-71.828940"><ele>353.0</ele></trkpt>
<trkpt lat="45.156020" lon="-71.828030"><ele>349.3</ele></trkpt>
<trkpt lat="45.155980" lon="-71.827119"><ele>345.5</ele></trkpt>
<trkpt lat="45.155900" lon="-71.825890"><ele>341.1</ele></trkpt>
<trkpt lat="45.155820" lon="-71.824660"><ele>336.4</ele></trkpt>
<trkpt lat="45.155740" lon="-71.823430"><ele>334.9</ele></trkpt>
<trkpt lat="45.155660" lon="-71.822200"><ele>332.1</ele></trkpt>
<trkpt lat="45.155580" lon="-71.820970"><ele>327.5</ele></trkpt>
<trkpt lat="45.155550" lon="-71.819940"><ele>323.1</ele></trkpt>
<trkpt lat="45.155530" lon="-71.818910"><ele>320.0</ele></trkpt>
<trkpt lat="45.155510" lon="-71.817880"><ele>317.7</ele></trkpt>
<trkpt lat="45.155480" lon="-71.816840"><ele>314.6</ele></trkpt>
<trkpt lat="45.155470" lon="-71.816570"><ele>313.8</ele></trkpt>
<trkpt lat="45.155310" lon="-71.815590"><ele>310.7</ele></trkpt>
<trkpt lat="45.155160" lon="-71.814610"><ele>307.8</ele></trkpt>
<trkpt lat="45.155010" lon="-71.813640"><ele>305.6</ele></trkpt>
<trkpt lat="45.154860" lon="-71.812659"><ele>300.5</ele></trkpt>
<trkpt lat="45.154810" lon="-71.812150"><ele>297.3</ele></trkpt>
<trkpt lat="45.154800" lon="-71.811870"><ele>295.7</ele></trkpt>
<trkpt lat="45.154800" lon="-71.811610"><ele>294.2</ele></trkpt>
<trkpt lat="45.154870" lon="-71.810870"><ele>289.9</ele></trkpt>
<trkpt lat="45.154840" lon="-71.810730"><ele>289.1</ele></trkpt>
<trkpt lat="45.154730" lon="-71.810500"><ele>287.7</ele></trkpt>
<trkpt lat="45.154550" lon="-71.810250"><ele>286.1</ele></trkpt>
<trkpt lat="45.154420" lon="-71.810130"><ele>285.2</ele></trkpt>
<trkpt lat="45.153970" lon="-71.809820"><ele>282.5</ele></trkpt>
<trkpt lat="45.153750" lon="-71.809720"><ele>281.3</ele></trkpt>
<trkpt lat="45.152970" lon="-71.809490"><ele>277.6</ele></trkpt>
<trkpt lat="45.152970" lon="-71.809490"><ele>277.6</ele></trkpt>
<trkpt lat="45.152270" lon="-71.809310"><ele>275.2</ele></trkpt>
<trkpt lat="45.151560" lon="-71.809140"><ele>273.8</ele></trkpt>
<trkpt lat="45.150920" lon="-71.809000"><ele>273.1</ele></trkpt>
<trkpt lat="45.150730" lon="-71.808920"><ele>272.6</ele></trkpt>
<trkpt lat="45.150630" lon="-71.808850"><ele>272.1</ele></trkpt>
<trkpt lat="45.149980" lon="-71.808179"><ele>267.1</ele></trkpt>
<trkpt lat="45.149340" lon="-71.807509"><ele>262.3</ele></trkpt>
<trkpt lat="45.149240" lon="-71.807320"><ele>261.1</ele></trkpt>
<trkpt lat="45.149150" lon="-71.807200"><ele>260.3</ele></trkpt>
<trkpt lat="45.148670" lon="-71.806880"><ele>257.9</ele></trkpt>
<trkpt lat="45.148940" lon="-71.805990"><ele>253.2</ele></trkpt>
<trkpt lat="45.149200" lon="-71.805110"><ele>248.3</ele></trkpt>
<trkpt lat="45.149470" lon="-71.804230"><ele>244.2</ele></trkpt>
<trkpt lat="45.149550" lon="-71.804030"><ele>243.9</ele></trkpt>
<trkpt lat="45.149930" lon="-71.803350"><ele>243.9</ele></trkpt>
<trkpt lat="45.150310" lon="-71.802660"><ele>243.9</ele></trkpt>
<trkpt lat="45.150350" lon="-71.802510"><ele>243.9</ele></trkpt>
<trkpt lat="45.150340" lon="-71.802359"><ele>243.9</ele></trkpt>
<trkpt lat="45.150310" lon="-71.802190"><ele>243.9</ele></trkpt>
<trkpt lat="45.150170" lon="-71.801880"><ele>243.9</ele></trkpt>
<trkpt lat="45.149790" lon="-71.801390"><ele>243.9</ele></trkpt>
<trkpt lat="45.149330" lon="-71.800920"><ele>243.9</ele></trkpt>
<trkpt lat="45.149640" lon="-71.800389"><ele>243.9</ele></trkpt>
<trkpt lat="45.149630" lon="-71.800280"><ele>243.9</ele></trkpt>
<trkpt lat="45.149650" lon="-71.800220"><ele>243.9</ele></trkpt>
<trkpt lat="45.149970" lon="-71.799710"><ele>243.9</ele></trkpt>
<trkpt lat="45.149810" lon="-71.799550"><ele>243.9</ele></trkpt>
<trkpt lat="45.149650" lon="-71.799470"><ele>243.9</ele></trkpt>
<trkpt lat="45.149540" lon="-71.799380"><ele>243.9</ele></trkpt>
<trkpt lat="45.149500" lon="-71.799290"><ele>243.9</ele></trkpt>
<trkpt lat="45.149490" lon="-71.799210"><ele>243.9</ele></trkpt>
<trkpt lat="45.149590" lon="-71.799060"><ele>243.9</ele></trkpt>
<trkpt lat="45.149600" lon="-71.798990"><ele>243.9</ele></trkpt>
<trkpt lat="45.149600" lon="-71.798890"><ele>243.9</ele></trkpt>
<trkpt lat="45.149550" lon="-71.798790"><ele>243.9</ele></trkpt>
<trkpt lat="45.149550" lon="-71.798790"><ele>243.9</ele></trkpt>
<trkpt lat="45.149460" lon="-71.798620"><ele>243.9</ele></trkpt>
<trkpt lat="45.149200" lon="-71.798010"><ele>243.9</ele></trkpt>
<trkpt lat="45.148880" lon="-71.796930"><ele>243.9</ele></trkpt>
<trkpt lat="45.148780" lon="-71.796740"><ele>243.9</ele></trkpt>
<trkpt lat="45.148640" lon="-71.796629"><ele>243.9</ele></trkpt>
<trkpt lat="45.148550" lon="-71.796520"><ele>243.9</ele></trkpt>
<trkpt lat="45.148420" lon="-71.796440"><ele>243.9</ele></trkpt>
<trkpt lat="45.147700" lon="-71.796100"><ele>243.9</ele></trkpt>
<trkpt lat="45.147450" lon="-71.796000"><ele>243.9</ele></trkpt>
<trkpt lat="45.147100" lon="-71.795950"><ele>243.9</ele></trkpt>
<trkpt lat="45.146960" lon="-71.795959"><ele>243.9</ele></trkpt>
<trkpt lat="45.146850" lon="-71.795990"><ele>243.9</ele></trkpt>
<trkpt lat="45.146460" lon="-71.796290"><ele>243.9</ele></trkpt>
<trkpt lat="45.146310" lon="-71.796550"><ele>243.9</ele></trkpt>
<trkpt lat="45.146290" lon="-71.796670"><ele>243.9</ele></trkpt>
<trkpt lat="45.146299" lon="-71.796840"><ele>243.9</ele></trkpt>
<trkpt lat="45.146280" lon="-71.796950"><ele>243.9</ele></trkpt>
<trkpt lat="45.146070" lon="-71.797650"><ele>243.9</ele></trkpt>
<trkpt lat="45.145970" lon="-71.798090"><ele>243.9</ele></trkpt>
<trkpt lat="45.145970" lon="-71.798430"><ele>243.9</ele></trkpt>
<trkpt lat="45.146090" lon="-71.799060"><ele>243.9</ele></trkpt>
<trkpt lat="45.145870" lon="-71.798830"><ele>243.9</ele></trkpt>
<trkpt lat="45.145640" lon="-71.798580"><ele>243.9</ele></trkpt>
<trkpt lat="45.145410" lon="-71.798340"><ele>243.9</ele></trkpt>
<trkpt lat="45.145340" lon="-71.798270"><ele>243.9</ele></trkpt>
<trkpt lat="45.145430" lon="-71.797980"><ele>243.9</ele></trkpt>
<trkpt lat="45.145050" lon="-71.797590"><ele>243.9</ele></trkpt>
<trkpt lat="45.144930" lon="-71.797490"><ele>243.9</ele></trkpt>
<trkpt lat="45.144610" lon="-71.797280"><ele>243.9</ele></trkpt>
<trkpt lat="45.144580" lon="-71.797420"><ele>243.9</ele></trkpt>
<trkpt lat="45.144590" lon="-71.798270"><ele>243.9</ele></trkpt>
<trkpt lat="45.144630" lon="-71.798410"><ele>243.9</ele></trkpt>
<trkpt lat="45.144750" lon="-71.798590"><ele>243.9</ele></trkpt>
<trkpt lat="45.144770" lon="-71.798650"><ele>243.9</ele></trkpt>
<trkpt lat="45.144750" lon="-71.798760"><ele>243.9</ele></trkpt>
<trkpt lat="45.144720" lon="-71.798869"><ele>243.9</ele></trkpt>
<trkpt lat="45.144730" lon="-71.799080"><ele>243.9</ele></trkpt>
<trkpt lat="45.144700" lon="-71.799350"><ele>243.9</ele></trkpt>
<trkpt lat="45.144660" lon="-71.799629"><ele>243.9</ele></trkpt>
<trkpt lat="45.144560" lon="-71.800100"><ele>243.8</ele></trkpt>
<trkpt lat="45.144570" lon="-71.800280"><ele>243.9</ele></trkpt>
<trkpt lat="45.144650" lon="-71.800530"><ele>244.1</ele></trkpt>
<trkpt lat="45.144850" lon="-71.800900"><ele>244.3</ele></trkpt>
<trkpt lat="45.144970" lon="-71.801240"><ele>244.7</ele></trkpt>
<trkpt lat="45.145030" lon="-71.801440"><ele>244.9</ele></trkpt>
<trkpt lat="45.145010" lon="-71.801770"><ele>245.9</ele></trkpt>
<trkpt lat="45.145040" lon="-71.801950"><ele>246.1</ele></trkpt>
<trkpt lat="45.145140" lon="-71.802200"><ele>246.0</ele></trkpt>
<trkpt lat="45.145300" lon="-71.802400"><ele>245.3</ele></trkpt>
<trkpt lat="45.145760" lon="-71.802809"><ele>244.0</ele></trkpt>
<trkpt lat="45.145910" lon="-71.803020"><ele>243.9</ele></trkpt>
<trkpt lat="45.146060" lon="-71.803430"><ele>243.9</ele></trkpt>
<trkpt lat="45.146099" lon="-71.803610"><ele>243.9</ele></trkpt>
<trkpt lat="45.146150" lon="-71.803910"><ele>243.9</ele></trkpt>
<trkpt lat="45.146150" lon="-71.804370"><ele>243.9</ele></trkpt>
<trkpt lat="45.146120" lon="-71.804480"><ele>243.9</ele></trkpt>
<trkpt lat="45.146009" lon="-71.804490"><ele>243.9</ele></trkpt>
<trkpt lat="45.145560" lon="-71.804260"><ele>244.5</ele></trkpt>
<trkpt lat="45.145480" lon="-71.804239"><ele>244.8</ele></trkpt>
<trkpt lat="45.145320" lon="-71.804250"><ele>245.7</ele></trkpt>
<trkpt lat="45.145050" lon="-71.804440"><ele>248.1</ele></trkpt>
<trkpt lat="45.144930" lon="-71.804570"><ele>249.6</ele></trkpt>
<trkpt lat="45.144870" lon="-71.804710"><ele>250.6</ele></trkpt>
<trkpt lat="45.144860" lon="-71.804820"><ele>250.9</ele></trkpt>
<trkpt lat="45.144900" lon="-71.804900"><ele>250.5</ele></trkpt>
<trkpt lat="45.144970" lon="-71.805000"><ele>249.8</ele></trkpt>
<trkpt lat="45.145060" lon="-71.805060"><ele>248.9</ele></trkpt>
<trkpt lat="45.145320" lon="-71.805160"><ele>246.5</ele></trkpt>
<trkpt lat="45.145550" lon="-71.805359"><ele>245.1</ele></trkpt>
<trkpt lat="45.145670" lon="-71.805560"><ele>244.7</ele></trkpt>
<trkpt lat="45.145770" lon="-71.805860"><ele>244.9</ele></trkpt>
<trkpt lat="45.145770" lon="-71.805960"><ele>245.6</ele></trkpt>
<trkpt lat="45.145610" lon="-71.806680"><ele>253.1</ele></trkpt>
<trkpt lat="45.145510" lon="-71.807080"><ele>256.8</ele></trkpt>
<trkpt lat="45.145480" lon="-71.807380"><ele>259.0</ele></trkpt>
<trkpt lat="45.145520" lon="-71.807990"><ele>262.9</ele></trkpt>
<trkpt lat="45.145410" lon="-71.808350"><ele>265.8</ele></trkpt>
<trkpt lat="45.145210" lon="-71.808539"><ele>267.9</ele></trkpt>
<trkpt lat="45.145110" lon="-71.808590"><ele>268.6</ele></trkpt>
<trkpt lat="45.145030" lon="-71.808570"><ele>268.8</ele></trkpt>
<trkpt lat="45.144660" lon="-71.808380"><ele>268.9</ele></trkpt>
<trkpt lat="45.144430" lon="-71.808280"><ele>269.3</ele></trkpt>
<trkpt lat="45.144310" lon="-71.808170"><ele>269.3</ele></trkpt>
<trkpt lat="45.144220" lon="-71.808010"><ele>269.1</ele></trkpt>
<trkpt lat="45.144150" lon="-71.807820"><ele>268.8</ele></trkpt>
<trkpt lat="45.143960" lon="-71.807190"><ele>268.0</ele></trkpt>
<trkpt lat="45.143230" lon="-71.806910"><ele>272.5</ele></trkpt>
<trkpt lat="45.142820" lon="-71.806740"><ele>273.8</ele></trkpt>
<trkpt lat="45.142120" lon="-71.806440"><ele>278.9</ele></trkpt>
<trkpt lat="45.141430" lon="-71.806140"><ele>285.5</ele></trkpt>
<trkpt lat="45.140580" lon="-71.805890"><ele>291.1</ele></trkpt>
<trkpt lat="45.140330" lon="-71.806470"><ele>286.4</ele></trkpt>
<trkpt lat="45.140090" lon="-71.807060"><ele>286.1</ele></trkpt>
<trkpt lat="45.139380" lon="-71.806630"><ele>288.7</ele></trkpt>
<trkpt lat="45.138680" lon="-71.806200"><ele>292.2</ele></trkpt>
<trkpt lat="45.138540" lon="-71.806100"><ele>293.0</ele></trkpt>
<trkpt lat="45.138210" lon="-71.805770"><ele>295.2</ele></trkpt>
<trkpt lat="45.137850" lon="-71.805350"><ele>296.6</ele></trkpt>
<trkpt lat="45.137790" lon="-71.805220"><ele>296.9</ele></trkpt>
<trkpt lat="45.137670" lon="-71.804760"><ele>297.5</ele></trkpt>
<trkpt lat="45.137560" lon="-71.804419"><ele>297.8</ele></trkpt>
<trkpt lat="45.137420" lon="-71.804070"><ele>298.1</ele></trkpt>
<trkpt lat="45.137380" lon="-71.803860"><ele>298.3</ele></trkpt>
<trkpt lat="45.137370" lon="-71.803140"><ele>299.2</ele></trkpt>
<trkpt lat="45.137330" lon="-71.802390"><ele>300.2</ele></trkpt>
<trkpt lat="45.137279" lon="-71.801650"><ele>300.4</ele></trkpt>
<trkpt lat="45.137140" lon="-71.801670"><ele>300.5</ele></trkpt>
<trkpt lat="45.136910" lon="-71.801760"><ele>300.6</ele></trkpt>
<trkpt lat="45.136780" lon="-71.801830"><ele>300.7</ele></trkpt>
<trkpt lat="45.136590" lon="-71.801329"><ele>300.9</ele></trkpt>
<trkpt lat="45.136520" lon="-71.801320"><ele>300.9</ele></trkpt>
<trkpt lat="45.135790" lon="-71.801790"><ele>300.7</ele></trkpt>
<trkpt lat="45.135720" lon="-71.801560"><ele>300.8</ele></trkpt>
<trkpt lat="45.135689" lon="-71.801520"><ele>300.8</ele></trkpt>
<trkpt lat="45.135640" lon="-71.801500"><ele>300.8</ele></trkpt>
<trkpt lat="45.135100" lon="-71.801509"><ele>300.8</ele></trkpt>
<trkpt lat="45.134550" lon="-71.801509"><ele>300.9</ele></trkpt>
<trkpt lat="45.134500" lon="-71.801570"><ele>300.9</ele></trkpt>
<trkpt lat="45.134490" lon="-71.801599"><ele>300.9</ele></trkpt>
<trkpt lat="45.134760" lon="-71.802490"><ele>300.2</ele></trkpt>
<trkpt lat="45.134600" lon="-71.802620"><ele>300.3</ele></trkpt>
<trkpt lat="45.134790" lon="-71.803170"><ele>300.0</ele></trkpt>
<trkpt lat="45.134800" lon="-71.803250"><ele>300.0</ele></trkpt>
<trkpt lat="45.134150" lon="-71.803680"><ele>300.8</ele></trkpt>
<trkpt lat="45.134099" lon="-71.803810"><ele>300.9</ele></trkpt>
<trkpt lat="45.134060" lon="-71.803839"><ele>300.9</ele></trkpt>
<trkpt lat="45.133590" lon="-71.804230"><ele>301.6</ele></trkpt>
<trkpt lat="45.133350" lon="-71.804320"><ele>301.8</ele></trkpt>
<trkpt lat="45.133310" lon="-71.804329"><ele>301.9</ele></trkpt>
<trkpt lat="45.132630" lon="-71.804419"><ele>302.7</ele></trkpt>
<trkpt lat="45.132500" lon="-71.804490"><ele>302.8</ele></trkpt>
<trkpt lat="45.132480" lon="-71.804440"><ele>302.9</ele></trkpt>
<trkpt lat="45.132140" lon="-71.804419"><ele>303.3</ele></trkpt>
<trkpt lat="45.132140" lon="-71.804740"><ele>303.3</ele></trkpt>
<trkpt lat="45.131450" lon="-71.804700"><ele>303.9</ele></trkpt>
<trkpt lat="45.130750" lon="-71.804660"><ele>303.9</ele></trkpt>
<trkpt lat="45.130060" lon="-71.804620"><ele>303.9</ele></trkpt>
<trkpt lat="45.129370" lon="-71.804580"><ele>303.9</ele></trkpt>
<trkpt lat="45.129399" lon="-71.803540"><ele>303.9</ele></trkpt>
<trkpt lat="45.129550" lon="-71.802760"><ele>303.9</ele></trkpt>
<trkpt lat="45.129770" lon="-71.802500"><ele>303.9</ele></trkpt>
<trkpt lat="45.129850" lon="-71.802330"><ele>303.9</ele></trkpt>
<trkpt lat="45.129930" lon="-71.802120"><ele>303.9</ele></trkpt>
<trkpt lat="45.129930" lon="-71.802010"><ele>303.9</ele></trkpt>
<trkpt lat="45.129910" lon="-71.801900"><ele>303.9</ele></trkpt>
<trkpt lat="45.129880" lon="-71.801850"><ele>303.9</ele></trkpt>
<trkpt lat="45.129680" lon="-71.801730"><ele>303.9</ele></trkpt>
<trkpt lat="45.129550" lon="-71.801610"><ele>303.9</ele></trkpt>
<trkpt lat="45.129489" lon="-71.801599"><ele>303.9</ele></trkpt>
<trkpt lat="45.129190" lon="-71.801720"><ele>303.9</ele></trkpt>
<trkpt lat="45.128670" lon="-71.801880"><ele>303.9</ele></trkpt>
<trkpt lat="45.128440" lon="-71.802010"><ele>303.9</ele></trkpt>
<trkpt lat="45.128330" lon="-71.802020"><ele>303.9</ele></trkpt>
<trkpt lat="45.127719" lon="-71.802030"><ele>303.9</ele></trkpt>
<trkpt lat="45.127620" lon="-71.802050"><ele>303.9</ele></trkpt>
<trkpt lat="45.127280" lon="-71.802250"><ele>303.9</ele></trkpt>
<trkpt lat="45.127180" lon="-71.802240"><ele>303.9</ele></trkpt>
<trkpt lat="45.127040" lon="-71.802330"><ele>303.9</ele></trkpt>
<trkpt lat="45.126950" lon="-71.802449"><ele>303.9</ele></trkpt>
<trkpt lat="45.126890" lon="-71.802610"><ele>303.9</ele></trkpt>
<trkpt lat="45.126860" lon="-71.802670"><ele>303.9</ele></trkpt>
<trkpt lat="45.126810" lon="-71.802690"><ele>303.9</ele></trkpt>
<trkpt lat="45.126550" lon="-71.802650"><ele>303.9</ele></trkpt>
<trkpt lat="45.125710" lon="-71.802710"><ele>303.9</ele></trkpt>
<trkpt lat="45.125450" lon="-71.802800"><ele>303.9</ele></trkpt>
<trkpt lat="45.125160" lon="-71.802760"><ele>303.9</ele></trkpt>
<trkpt lat="45.125070" lon="-71.802760"><ele>303.9</ele></trkpt>
<trkpt lat="45.124830" lon="-71.802880"><ele>303.9</ele></trkpt>
<trkpt lat="45.124670" lon="-71.802870"><ele>303.9</ele></trkpt>
<trkpt lat="45.124600" lon="-71.802840"><ele>303.9</ele></trkpt>
<trkpt lat="45.124410" lon="-71.802690"><ele>303.9</ele></trkpt>
<trkpt lat="45.124180" lon="-71.802330"><ele>303.9</ele></trkpt>
<trkpt lat="45.124070" lon="-71.802269"><ele>303.9</ele></trkpt>
<trkpt lat="45.123920" lon="-71.802240"><ele>303.9</ele></trkpt>
<trkpt lat="45.123920" lon="-71.802080"><ele>303.9</ele></trkpt>
<trkpt lat="45.124030" lon="-71.802040"><ele>303.9</ele></trkpt>
<trkpt lat="45.124070" lon="-71.801990"><ele>303.9</ele></trkpt>
<trkpt lat="45.124100" lon="-71.801900"><ele>303.9</ele></trkpt>
<trkpt lat="45.124110" lon="-71.801800"><ele>303.9</ele></trkpt>
<trkpt lat="45.123920" lon="-71.801090"><ele>303.9</ele></trkpt>
<trkpt lat="45.123830" lon="-71.800520"><ele>303.9</ele></trkpt>
<trkpt lat="45.123800" lon="-71.799960"><ele>303.9</ele></trkpt>
<trkpt lat="45.123850" lon="-71.799620"><ele>303.9</ele></trkpt>
<trkpt lat="45.123850" lon="-71.799340"><ele>303.9</ele></trkpt>
<trkpt lat="45.123790" lon="-71.798920"><ele>303.9</ele></trkpt>
<trkpt lat="45.123600" lon="-71.798240"><ele>303.9</ele></trkpt>
<trkpt lat="45.123520" lon="-71.798090"><ele>303.9</ele></trkpt>
<trkpt lat="45.123420" lon="-71.798010"><ele>303.9</ele></trkpt>
<trkpt lat="45.123290" lon="-71.797970"><ele>303.9</ele></trkpt>
<trkpt lat="45.122459" lon="-71.797910"><ele>303.9</ele></trkpt>
<trkpt lat="45.122250" lon="-71.797940"><ele>303.9</ele></trkpt>
<trkpt lat="45.122060" lon="-71.798000"><ele>303.9</ele></trkpt>
<trkpt lat="45.121899" lon="-71.798120"><ele>303.9</ele></trkpt>
<trkpt lat="45.121740" lon="-71.798310"><ele>303.9</ele></trkpt>
<trkpt lat="45.121609" lon="-71.798400"><ele>303.9</ele></trkpt>
<trkpt lat="45.121060" lon="-71.798700"><ele>303.9</ele></trkpt>
<trkpt lat="45.120430" lon="-71.799140"><ele>303.9</ele></trkpt>
<trkpt lat="45.120070" lon="-71.799320"><ele>303.9</ele></trkpt>
<trkpt lat="45.119520" lon="-71.799520"><ele>303.9</ele></trkpt>
<trkpt lat="45.119200" lon="-71.799700"><ele>303.9</ele></trkpt>
<trkpt lat="45.118710" lon="-71.799840"><ele>303.9</ele></trkpt>
<trkpt lat="45.118220" lon="-71.799980"><ele>303.9</ele></trkpt>
<trkpt lat="45.117970" lon="-71.800010"><ele>303.9</ele></trkpt>
<trkpt lat="45.117740" lon="-71.800010"><ele>303.9</ele></trkpt>
<trkpt lat="45.117550" lon="-71.799960"><ele>303.9</ele></trkpt>
<trkpt lat="45.116890" lon="-71.799580"><ele>303.9</ele></trkpt>
<trkpt lat="45.116220" lon="-71.799200"><ele>303.9</ele></trkpt>
<trkpt lat="45.116040" lon="-71.799040"><ele>303.9</ele></trkpt>
<trkpt lat="45.115660" lon="-71.798650"><ele>303.9</ele></trkpt>
<trkpt lat="45.115240" lon="-71.798260"><ele>303.9</ele></trkpt>
<trkpt lat="45.115139" lon="-71.798100"><ele>303.9</ele></trkpt>
<trkpt lat="45.115010" lon="-71.797770"><ele>303.9</ele></trkpt>
<trkpt lat="45.115000" lon="-71.797659"><ele>303.9</ele></trkpt>
<trkpt lat="45.115220" lon="-71.796620"><ele>303.9</ele></trkpt>
<trkpt lat="45.115420" lon="-71.796060"><ele>303.9</ele></trkpt>
<trkpt lat="45.115470" lon="-71.795869"><ele>303.9</ele></trkpt>
<trkpt lat="45.115490" lon="-71.795599"><ele>303.9</ele></trkpt>
<trkpt lat="45.115460" lon="-71.795460"><ele>303.9</ele></trkpt>
<trkpt lat="45.115390" lon="-71.795320"><ele>303.9</ele></trkpt>
<trkpt lat="45.115139" lon="-71.795100"><ele>303.9</ele></trkpt>
<trkpt lat="45.114970" lon="-71.795000"><ele>303.9</ele></trkpt>
<trkpt lat="45.114860" lon="-71.794980"><ele>303.9</ele></trkpt>
<trkpt lat="45.114750" lon="-71.795010"><ele>303.9</ele></trkpt>
<trkpt lat="45.114260" lon="-71.795390"><ele>303.9</ele></trkpt>
<trkpt lat="45.113930" lon="-71.795570"><ele>303.9</ele></trkpt>
<trkpt lat="45.113780" lon="-71.795710"><ele>303.9</ele></trkpt>
<trkpt lat="45.113460" lon="-71.796090"><ele>303.9</ele></trkpt>
<trkpt lat="45.112960" lon="-71.796460"><ele>303.9</ele></trkpt>
<trkpt lat="45.112840" lon="-71.796610"><ele>303.9</ele></trkpt>
<trkpt lat="45.112680" lon="-71.796960"><ele>303.9</ele></trkpt>
<trkpt lat="45.112620" lon="-71.797110"><ele>303.9</ele></trkpt>
<trkpt lat="45.112590" lon="-71.797550"><ele>303.9</ele></trkpt>
<trkpt lat="45.112570" lon="-71.797659"><ele>303.9</ele></trkpt>
<trkpt lat="45.112530" lon="-71.797749"><ele>303.9</ele></trkpt>
<trkpt lat="45.112400" lon="-71.797940"><ele>303.9</ele></trkpt>
<trkpt lat="45.112380" lon="-71.798000"><ele>303.9</ele></trkpt>
<trkpt lat="45.112370" lon="-71.798120"><ele>303.9</ele></trkpt>
<trkpt lat="45.112360" lon="-71.798630"><ele>304.0</ele></trkpt>
<trkpt lat="45.112319" lon="-71.798860"><ele>304.2</ele></trkpt>
<trkpt lat="45.111570" lon="-71.798340"><ele>304.0</ele></trkpt>
<trkpt lat="45.110890" lon="-71.797810"><ele>304.1</ele></trkpt>
<trkpt lat="45.110400" lon="-71.797450"><ele>304.3</ele></trkpt>
<trkpt lat="45.109920" lon="-71.797100"><ele>304.2</ele></trkpt>
<trkpt lat="45.109750" lon="-71.797020"><ele>304.2</ele></trkpt>
<trkpt lat="45.109540" lon="-71.796980"><ele>304.1</ele></trkpt>
<trkpt lat="45.108849" lon="-71.796970"><ele>304.4</ele></trkpt>
<trkpt lat="45.108170" lon="-71.796960"><ele>304.9</ele></trkpt>
<trkpt lat="45.107490" lon="-71.796950"><ele>304.6</ele></trkpt>
<trkpt lat="45.106590" lon="-71.796950"><ele>304.2</ele></trkpt>
<trkpt lat="45.105960" lon="-71.796940"><ele>303.9</ele></trkpt>
<trkpt lat="45.105320" lon="-71.796920"><ele>303.9</ele></trkpt>
<trkpt lat="45.104690" lon="-71.796899"><ele>304.0</ele></trkpt>
<trkpt lat="45.104140" lon="-71.796899"><ele>304.0</ele></trkpt>
<trkpt lat="45.103589" lon="-71.796899"><ele>304.6</ele></trkpt>
<trkpt lat="45.103589" lon="-71.796800"><ele>304.5</ele></trkpt>
<trkpt lat="45.103070" lon="-71.796800"><ele>305.0</ele></trkpt>
<trkpt lat="45.102170" lon="-71.796790"><ele>306.3</ele></trkpt>
<trkpt lat="45.101770" lon="-71.796790"><ele>307.6</ele></trkpt>
<trkpt lat="45.101640" lon="-71.796790"><ele>308.0</ele></trkpt>
<trkpt lat="45.101280" lon="-71.796790"><ele>308.7</ele></trkpt>
<trkpt lat="45.101100" lon="-71.796800"><ele>309.0</ele></trkpt>
<trkpt lat="45.100450" lon="-71.796800"><ele>309.1</ele></trkpt>
<trkpt lat="45.100380" lon="-71.796809"><ele>309.1</ele></trkpt>
<trkpt lat="45.099480" lon="-71.796830"><ele>306.8</ele></trkpt>
<trkpt lat="45.099120" lon="-71.796840"><ele>305.8</ele></trkpt>
<trkpt lat="45.098760" lon="-71.796850"><ele>305.3</ele></trkpt>
<trkpt lat="45.098400" lon="-71.796860"><ele>305.0</ele></trkpt>
<trkpt lat="45.098100" lon="-71.796870"><ele>304.7</ele></trkpt>
<trkpt lat="45.098040" lon="-71.796860"><ele>304.6</ele></trkpt>
<trkpt lat="45.097679" lon="-71.796820"><ele>304.1</ele></trkpt>
<trkpt lat="45.097360" lon="-71.796780"><ele>303.8</ele></trkpt>
<trkpt lat="45.097320" lon="-71.796770"><ele>303.8</ele></trkpt>
<trkpt lat="45.096840" lon="-71.796620"><ele>303.7</ele></trkpt>
<trkpt lat="45.096480" lon="-71.796350"><ele>303.8</ele></trkpt>
<trkpt lat="45.096170" lon="-71.796100"><ele>304.1</ele></trkpt>
<trkpt lat="45.096080" lon="-71.796030"><ele>304.2</ele></trkpt>
<trkpt lat="45.095780" lon="-71.795580"><ele>304.5</ele></trkpt>
<trkpt lat="45.095550" lon="-71.795210"><ele>304.2</ele></trkpt>
<trkpt lat="45.095310" lon="-71.794800"><ele>303.9</ele></trkpt>
<trkpt lat="45.094670" lon="-71.793680"><ele>303.9</ele></trkpt>
<trkpt lat="45.094630" lon="-71.793620"><ele>304.0</ele></trkpt>
<trkpt lat="45.094410" lon="-71.793220"><ele>304.2</ele></trkpt>
<trkpt lat="45.092840" lon="-71.790430"><ele>303.9</ele></trkpt>
<trkpt lat="45.092640" lon="-71.790070"><ele>303.9</ele></trkpt>
<trkpt lat="45.092400" lon="-71.789580"><ele>303.6</ele></trkpt>
<trkpt lat="45.092329" lon="-71.789380"><ele>303.6</ele></trkpt>
<trkpt lat="45.091740" lon="-71.787890"><ele>303.9</ele></trkpt>
<trkpt lat="45.091710" lon="-71.787830"><ele>303.9</ele></trkpt>
<trkpt lat="45.091130" lon="-71.786900"><ele>304.1</ele></trkpt>
<trkpt lat="45.090840" lon="-71.786550"><ele>304.8</ele></trkpt>
<trkpt lat="45.090739" lon="-71.786420"><ele>305.1</ele></trkpt>
<trkpt lat="45.090510" lon="-71.786080"><ele>306.1</ele></trkpt>
<trkpt lat="45.090280" lon="-71.785650"><ele>307.6</ele></trkpt>
<trkpt lat="45.090070" lon="-71.785150"><ele>309.0</ele></trkpt>
<trkpt lat="45.089910" lon="-71.784750"><ele>309.4</ele></trkpt>
<trkpt lat="45.089730" lon="-71.784139"><ele>308.6</ele></trkpt>
<trkpt lat="45.089680" lon="-71.784000"><ele>308.6</ele></trkpt>
<trkpt lat="45.089410" lon="-71.783340"><ele>309.1</ele></trkpt>
<trkpt lat="45.089329" lon="-71.783120"><ele>309.1</ele></trkpt>
<trkpt lat="45.089060" lon="-71.782450"><ele>308.7</ele></trkpt>
<trkpt lat="45.088790" lon="-71.781790"><ele>307.5</ele></trkpt>
<trkpt lat="45.088250" lon="-71.780440"><ele>304.3</ele></trkpt>
<trkpt lat="45.088160" lon="-71.780240"><ele>304.3</ele></trkpt>
<trkpt lat="45.088010" lon="-71.779910"><ele>304.3</ele></trkpt>
<trkpt lat="45.087649" lon="-71.779200"><ele>304.5</ele></trkpt>
<trkpt lat="45.086920" lon="-71.777750"><ele>303.9</ele></trkpt>
<trkpt lat="45.086700" lon="-71.777330"><ele>303.9</ele></trkpt>
<trkpt lat="45.086400" lon="-71.776710"><ele>303.9</ele></trkpt>
<trkpt lat="45.086250" lon="-71.776380"><ele>303.9</ele></trkpt>
<trkpt lat="45.086140" lon="-71.776169"><ele>303.9</ele></trkpt>
<trkpt lat="45.086039" lon="-71.775960"><ele>303.9</ele></trkpt>
<trkpt lat="45.085930" lon="-71.775710"><ele>303.9</ele></trkpt>
<trkpt lat="45.085930" lon="-71.775710"><ele>303.9</ele></trkpt>
<trkpt lat="45.086050" lon="-71.775650"><ele>303.9</ele></trkpt>
<trkpt lat="45.086100" lon="-71.775630"><ele>303.9</ele></trkpt>
<trkpt lat="45.086329" lon="-71.775550"><ele>303.9</ele></trkpt>
<trkpt lat="45.087170" lon="-71.775260"><ele>303.9</ele></trkpt>
<trkpt lat="45.087200" lon="-71.775250"><ele>303.9</ele></trkpt>
<trkpt lat="45.087600" lon="-71.775120"><ele>303.9</ele></trkpt>
<trkpt lat="45.087730" lon="-71.775080"><ele>304.0</ele></trkpt>
<trkpt lat="45.087850" lon="-71.775049"><ele>304.1</ele></trkpt>
<trkpt lat="45.088120" lon="-71.775000"><ele>304.4</ele></trkpt>
<trkpt lat="45.088590" lon="-71.774940"><ele>305.8</ele></trkpt>
<trkpt lat="45.088840" lon="-71.774930"><ele>306.9</ele></trkpt>
<trkpt lat="45.089130" lon="-71.774920"><ele>308.1</ele></trkpt>
<trkpt lat="45.090070" lon="-71.774900"><ele>311.2</ele></trkpt>
<trkpt lat="45.091220" lon="-71.774860"><ele>313.0</ele></trkpt>
<trkpt lat="45.092410" lon="-71.774800"><ele>312.9</ele></trkpt>
<trkpt lat="45.092720" lon="-71.774780"><ele>312.9</ele></trkpt>
<trkpt lat="45.092770" lon="-71.774790"><ele>312.9</ele></trkpt>
<trkpt lat="45.093220" lon="-71.774820"><ele>313.3</ele></trkpt>
<trkpt lat="45.093220" lon="-71.774820"><ele>313.3</ele></trkpt>
<trkpt lat="45.093290" lon="-71.774540"><ele>314.1</ele></trkpt>
<trkpt lat="45.093310" lon="-71.774480"><ele>314.3</ele></trkpt>
<trkpt lat="45.093450" lon="-71.774090"><ele>315.6</ele></trkpt>
<trkpt lat="45.093500" lon="-71.773960"><ele>316.1</ele></trkpt>
<trkpt lat="45.093540" lon="-71.773870"><ele>316.5</ele></trkpt>
<trkpt lat="45.093870" lon="-71.773259"><ele>318.9</ele></trkpt>
<trkpt lat="45.093910" lon="-71.773180"><ele>319.2</ele></trkpt>
<trkpt lat="45.093980" lon="-71.773060"><ele>319.7</ele></trkpt>
<trkpt lat="45.094250" lon="-71.772600"><ele>321.7</ele></trkpt>
<trkpt lat="45.094310" lon="-71.772460"><ele>322.3</ele></trkpt>
<trkpt lat="45.094410" lon="-71.772240"><ele>323.1</ele></trkpt>
<trkpt lat="45.094430" lon="-71.772180"><ele>323.3</ele></trkpt>
<trkpt lat="45.094520" lon="-71.771760"><ele>324.7</ele></trkpt>
<trkpt lat="45.094620" lon="-71.771280"><ele>326.4</ele></trkpt>
<trkpt lat="45.094830" lon="-71.770300"><ele>329.1</ele></trkpt>
<trkpt lat="45.095040" lon="-71.769260"><ele>332.6</ele></trkpt>
<trkpt lat="45.095250" lon="-71.768350"><ele>335.0</ele></trkpt>
<trkpt lat="45.095290" lon="-71.768130"><ele>335.5</ele></trkpt>
<trkpt lat="45.095360" lon="-71.767870"><ele>336.2</ele></trkpt>
<trkpt lat="45.095480" lon="-71.767390"><ele>337.5</ele></trkpt>
<trkpt lat="45.095500" lon="-71.767290"><ele>337.9</ele></trkpt>
<trkpt lat="45.095740" lon="-71.766780"><ele>339.6</ele></trkpt>
<trkpt lat="45.095900" lon="-71.766570"><ele>340.2</ele></trkpt>
<trkpt lat="45.096290" lon="-71.766040"><ele>342.0</ele></trkpt>
<trkpt lat="45.096420" lon="-71.765860"><ele>342.8</ele></trkpt>
<trkpt lat="45.096939" lon="-71.765160"><ele>348.2</ele></trkpt>
<trkpt lat="45.097100" lon="-71.764940"><ele>350.3</ele></trkpt>
<trkpt lat="45.097660" lon="-71.764020"><ele>357.1</ele></trkpt>
<trkpt lat="45.098239" lon="-71.763050"><ele>361.6</ele></trkpt>
<trkpt lat="45.098520" lon="-71.762610"><ele>363.7</ele></trkpt>
<trkpt lat="45.098850" lon="-71.762110"><ele>365.2</ele></trkpt>
<trkpt lat="45.099430" lon="-71.761140"><ele>364.8</ele></trkpt>
<trkpt lat="45.099660" lon="-71.760750"><ele>364.8</ele></trkpt>
<trkpt lat="45.099690" lon="-71.760660"><ele>364.8</ele></trkpt>
<trkpt lat="45.100090" lon="-71.760100"><ele>364.9</ele></trkpt>
<trkpt lat="45.100150" lon="-71.760010"><ele>365.0</ele></trkpt>
<trkpt lat="45.100380" lon="-71.759610"><ele>366.0</ele></trkpt>
<trkpt lat="45.100480" lon="-71.759440"><ele>366.6</ele></trkpt>
<trkpt lat="45.100710" lon="-71.759100"><ele>367.8</ele></trkpt>
<trkpt lat="45.101170" lon="-71.758640"><ele>369.4</ele></trkpt>
<trkpt lat="45.101320" lon="-71.758439"><ele>370.0</ele></trkpt>
<trkpt lat="45.101510" lon="-71.758200"><ele>371.0</ele></trkpt>
<trkpt lat="45.101760" lon="-71.757640"><ele>373.0</ele></trkpt>
<trkpt lat="45.101950" lon="-71.757210"><ele>374.5</ele></trkpt>
<trkpt lat="45.101999" lon="-71.757100"><ele>374.9</ele></trkpt>
<trkpt lat="45.102240" lon="-71.756400"><ele>376.7</ele></trkpt>
<trkpt lat="45.102250" lon="-71.756040"><ele>377.2</ele></trkpt>
<trkpt lat="45.102250" lon="-71.755830"><ele>377.5</ele></trkpt>
<trkpt lat="45.102190" lon="-71.755410"><ele>378.2</ele></trkpt>
<trkpt lat="45.101850" lon="-71.754650"><ele>379.4</ele></trkpt>
<trkpt lat="45.101570" lon="-71.754009"><ele>380.0</ele></trkpt>
<trkpt lat="45.101560" lon="-71.753990"><ele>380.0</ele></trkpt>
<trkpt lat="45.101380" lon="-71.753570"><ele>380.2</ele></trkpt>
<trkpt lat="45.101290" lon="-71.753350"><ele>380.5</ele></trkpt>
<trkpt lat="45.101200" lon="-71.753150"><ele>380.7</ele></trkpt>
<trkpt lat="45.101110" lon="-71.752930"><ele>381.0</ele></trkpt>
<trkpt lat="45.101040" lon="-71.752770"><ele>381.1</ele></trkpt>
<trkpt lat="45.101040" lon="-71.752750"><ele>381.1</ele></trkpt>
<trkpt lat="45.101059" lon="-71.752630"><ele>381.4</ele></trkpt>
<trkpt lat="45.101059" lon="-71.752630"><ele>381.4</ele></trkpt>
<trkpt lat="45.100910" lon="-71.752480"><ele>381.3</ele></trkpt>
<trkpt lat="45.100660" lon="-71.752230"><ele>381.4</ele></trkpt>
<trkpt lat="45.100450" lon="-71.752030"><ele>381.6</ele></trkpt>
<trkpt lat="45.100280" lon="-71.751900"><ele>381.7</ele></trkpt>
<trkpt lat="45.100140" lon="-71.751790"><ele>381.8</ele></trkpt>
<trkpt lat="45.099930" lon="-71.751640"><ele>382.0</ele></trkpt>
<trkpt lat="45.099830" lon="-71.751570"><ele>382.2</ele></trkpt>
<trkpt lat="45.099590" lon="-71.751400"><ele>382.5</ele></trkpt>
<trkpt lat="45.099370" lon="-71.751260"><ele>382.9</ele></trkpt>
<trkpt lat="45.099340" lon="-71.751240"><ele>382.9</ele></trkpt>
<trkpt lat="45.098850" lon="-71.750940"><ele>384.0</ele></trkpt>
<trkpt lat="45.098230" lon="-71.750580"><ele>385.2</ele></trkpt>
<trkpt lat="45.097870" lon="-71.750350"><ele>385.8</ele></trkpt>
<trkpt lat="45.097690" lon="-71.750230"><ele>386.2</ele></trkpt>
<trkpt lat="45.097470" lon="-71.750080"><ele>386.7</ele></trkpt>
<trkpt lat="45.097380" lon="-71.750010"><ele>387.0</ele></trkpt>
<trkpt lat="45.097310" lon="-71.749940"><ele>387.2</ele></trkpt>
<trkpt lat="45.097180" lon="-71.749799"><ele>387.7</ele></trkpt>
<trkpt lat="45.097180" lon="-71.749799"><ele>387.7</ele></trkpt>
<trkpt lat="45.096960" lon="-71.749820"><ele>387.9</ele></trkpt>
<trkpt lat="45.096840" lon="-71.749770"><ele>388.2</ele></trkpt>
<trkpt lat="45.096750" lon="-71.749720"><ele>388.4</ele></trkpt>
<trkpt lat="45.096670" lon="-71.749670"><ele>388.7</ele></trkpt>
<trkpt lat="45.096030" lon="-71.749230"><ele>391.2</ele></trkpt>
<trkpt lat="45.095700" lon="-71.749030"><ele>392.7</ele></trkpt>
<trkpt lat="45.094830" lon="-71.748500"><ele>396.7</ele></trkpt>
<trkpt lat="45.093680" lon="-71.747800"><ele>399.6</ele></trkpt>
<trkpt lat="45.090210" lon="-71.745690"><ele>412.4</ele></trkpt>
<trkpt lat="45.090020" lon="-71.745580"><ele>413.3</ele></trkpt>
<trkpt lat="45.089790" lon="-71.745300"><ele>414.8</ele></trkpt>
<trkpt lat="45.089690" lon="-71.745030"><ele>415.8</ele></trkpt>
<trkpt lat="45.089680" lon="-71.745000"><ele>415.9</ele></trkpt>
<trkpt lat="45.089670" lon="-71.744530"><ele>417.0</ele></trkpt>
<trkpt lat="45.089660" lon="-71.741980"><ele>422.6</ele></trkpt>
<trkpt lat="45.089660" lon="-71.741730"><ele>423.0</ele></trkpt>
<trkpt lat="45.089660" lon="-71.741390"><ele>423.7</ele></trkpt>
<trkpt lat="45.089680" lon="-71.740370"><ele>425.8</ele></trkpt>
<trkpt lat="45.089680" lon="-71.740110"><ele>426.1</ele></trkpt>
<trkpt lat="45.089700" lon="-71.739090"><ele>427.4</ele></trkpt>
<trkpt lat="45.089730" lon="-71.737129"><ele>432.4</ele></trkpt>
<trkpt lat="45.089730" lon="-71.735530"><ele>437.8</ele></trkpt>
<trkpt lat="45.089730" lon="-71.735330"><ele>438.3</ele></trkpt>
<trkpt lat="45.089660" lon="-71.734820"><ele>439.9</ele></trkpt>
<trkpt lat="45.089510" lon="-71.734039"><ele>442.2</ele></trkpt>
<trkpt lat="45.089410" lon="-71.733470"><ele>443.4</ele></trkpt>
<trkpt lat="45.089290" lon="-71.732800"><ele>445.5</ele></trkpt>
<trkpt lat="45.089120" lon="-71.731810"><ele>448.7</ele></trkpt>
<trkpt lat="45.088740" lon="-71.729580"><ele>455.0</ele></trkpt>
<trkpt lat="45.088530" lon="-71.728350"><ele>456.7</ele></trkpt>
<trkpt lat="45.088440" lon="-71.727850"><ele>457.3</ele></trkpt>
<trkpt lat="45.088360" lon="-71.727350"><ele>457.9</ele></trkpt>
<trkpt lat="45.088330" lon="-71.727210"><ele>458.1</ele></trkpt>
<trkpt lat="45.088310" lon="-71.726930"><ele>458.5</ele></trkpt>
<trkpt lat="45.088320" lon="-71.726339"><ele>459.2</ele></trkpt>
<trkpt lat="45.088320" lon="-71.725830"><ele>459.9</ele></trkpt>
<trkpt lat="45.088320" lon="-71.725690"><ele>460.0</ele></trkpt>
<trkpt lat="45.088340" lon="-71.724810"><ele>460.8</ele></trkpt>
<trkpt lat="45.088350" lon="-71.724050"><ele>461.1</ele></trkpt>
<trkpt lat="45.088360" lon="-71.723789"><ele>461.3</ele></trkpt>
<trkpt lat="45.088370" lon="-71.723280"><ele>461.9</ele></trkpt>
<trkpt lat="45.088400" lon="-71.723030"><ele>462.1</ele></trkpt>
<trkpt lat="45.088420" lon="-71.722840"><ele>462.3</ele></trkpt>
<trkpt lat="45.088420" lon="-71.722780"><ele>462.4</ele></trkpt>
<trkpt lat="45.088420" lon="-71.722530"><ele>462.7</ele></trkpt>
<trkpt lat="45.088410" lon="-71.722460"><ele>462.8</ele></trkpt>
<trkpt lat="45.088420" lon="-71.722270"><ele>463.1</ele></trkpt>
<trkpt lat="45.088440" lon="-71.721760"><ele>463.7</ele></trkpt>
<trkpt lat="45.088440" lon="-71.721510"><ele>464.0</ele></trkpt>
<trkpt lat="45.088450" lon="-71.721220"><ele>464.3</ele></trkpt>
<trkpt lat="45.088440" lon="-71.719730"><ele>466.0</ele></trkpt>
<trkpt lat="45.088440" lon="-71.719220"><ele>466.5</ele></trkpt>
<trkpt lat="45.088430" lon="-71.718450"><ele>467.4</ele></trkpt>
<trkpt lat="45.088430" lon="-71.718450"><ele>467.4</ele></trkpt>
<trkpt lat="45.088389" lon="-71.717300"><ele>468.8</ele></trkpt>
<trkpt lat="45.088380" lon="-71.717110"><ele>469.1</ele></trkpt>
<trkpt lat="45.088310" lon="-71.716540"><ele>469.9</ele></trkpt>
<trkpt lat="45.088270" lon="-71.715750"><ele>471.0</ele></trkpt>
<trkpt lat="45.088270" lon="-71.715270"><ele>471.7</ele></trkpt>
<trkpt lat="45.088240" lon="-71.714600"><ele>473.1</ele></trkpt>
<trkpt lat="45.088250" lon="-71.713750"><ele>474.5</ele></trkpt>
<trkpt lat="45.088260" lon="-71.713240"><ele>475.0</ele></trkpt>
<trkpt lat="45.088230" lon="-71.711710"><ele>477.1</ele></trkpt>
<trkpt lat="45.088209" lon="-71.710179"><ele>480.6</ele></trkpt>
<trkpt lat="45.088180" lon="-71.708810"><ele>483.9</ele></trkpt>
<trkpt lat="45.088180" lon="-71.708650"><ele>484.3</ele></trkpt>
<trkpt lat="45.088170" lon="-71.708400"><ele>485.0</ele></trkpt>
<trkpt lat="45.088150" lon="-71.708140"><ele>485.7</ele></trkpt>
<trkpt lat="45.088120" lon="-71.707380"><ele>487.3</ele></trkpt>
<trkpt lat="45.088120" lon="-71.707320"><ele>487.4</ele></trkpt>
<trkpt lat="45.088070" lon="-71.706690"><ele>488.5</ele></trkpt>
<trkpt lat="45.087990" lon="-71.706120"><ele>490.6</ele></trkpt>
<trkpt lat="45.087960" lon="-71.705960"><ele>491.3</ele></trkpt>
<trkpt lat="45.087870" lon="-71.705130"><ele>495.5</ele></trkpt>
<trkpt lat="45.087860" lon="-71.704660"><ele>498.1</ele></trkpt>
<trkpt lat="45.087860" lon="-71.704610"><ele>498.3</ele></trkpt>
<trkpt lat="45.087880" lon="-71.704100"><ele>501.0</ele></trkpt>
<trkpt lat="45.087900" lon="-71.703670"><ele>503.1</ele></trkpt>
<trkpt lat="45.088040" lon="-71.702890"><ele>506.6</ele></trkpt>
<trkpt lat="45.088040" lon="-71.702850"><ele>506.8</ele></trkpt>
<trkpt lat="45.088070" lon="-71.702600"><ele>507.9</ele></trkpt>
<trkpt lat="45.088170" lon="-71.701590"><ele>513.1</ele></trkpt>
<trkpt lat="45.088200" lon="-71.701340"><ele>514.8</ele></trkpt>
<trkpt lat="45.088230" lon="-71.701089"><ele>516.4</ele></trkpt>
<trkpt lat="45.088299" lon="-71.700550"><ele>517.9</ele></trkpt>
<trkpt lat="45.088460" lon="-71.699299"><ele>520.2</ele></trkpt>
<trkpt lat="45.088500" lon="-71.699050"><ele>520.8</ele></trkpt>
<trkpt lat="45.088560" lon="-71.698550"><ele>521.9</ele></trkpt>
<trkpt lat="45.088630" lon="-71.697999"><ele>523.1</ele></trkpt>
<trkpt lat="45.088630" lon="-71.697999"><ele>523.1</ele></trkpt>
<trkpt lat="45.088710" lon="-71.697550"><ele>524.4</ele></trkpt>
<trkpt lat="45.088790" lon="-71.697059"><ele>526.1</ele></trkpt>
<trkpt lat="45.088910" lon="-71.696310"><ele>528.4</ele></trkpt>
<trkpt lat="45.089070" lon="-71.695320"><ele>531.1</ele></trkpt>
<trkpt lat="45.089149" lon="-71.694820"><ele>532.5</ele></trkpt>
<trkpt lat="45.089270" lon="-71.694080"><ele>534.4</ele></trkpt>
<trkpt lat="45.089310" lon="-71.693820"><ele>535.1</ele></trkpt>
<trkpt lat="45.089410" lon="-71.693389"><ele>536.1</ele></trkpt>
<trkpt lat="45.089590" lon="-71.692890"><ele>536.9</ele></trkpt>
<trkpt lat="45.089760" lon="-71.692440"><ele>537.3</ele></trkpt>
<trkpt lat="45.089960" lon="-71.691880"><ele>537.4</ele></trkpt>
<trkpt lat="45.090170" lon="-71.691310"><ele>537.3</ele></trkpt>
<trkpt lat="45.090570" lon="-71.690170"><ele>538.2</ele></trkpt>
<trkpt lat="45.090660" lon="-71.689940"><ele>538.2</ele></trkpt>
<trkpt lat="45.090739" lon="-71.689720"><ele>538.4</ele></trkpt>
<trkpt lat="45.090900" lon="-71.689260"><ele>538.9</ele></trkpt>
<trkpt lat="45.090900" lon="-71.689260"><ele>538.9</ele></trkpt>
<trkpt lat="45.091930" lon="-71.690299"><ele>527.7</ele></trkpt>
<trkpt lat="45.092220" lon="-71.690590"><ele>524.8</ele></trkpt>
<trkpt lat="45.092220" lon="-71.690590"><ele>524.8</ele></trkpt>
<trkpt lat="45.092190" lon="-71.690230"><ele>525.7</ele></trkpt>
<trkpt lat="45.092180" lon="-71.689990"><ele>526.4</ele></trkpt>
<trkpt lat="45.092170" lon="-71.689740"><ele>527.3</ele></trkpt>
<trkpt lat="45.092130" lon="-71.689010"><ele>530.4</ele></trkpt>
<trkpt lat="45.092130" lon="-71.688970"><ele>530.5</ele></trkpt>
<trkpt lat="45.092140" lon="-71.688460"><ele>531.7</ele></trkpt>
<trkpt lat="45.092140" lon="-71.687950"><ele>532.4</ele></trkpt>
<trkpt lat="45.092140" lon="-71.687700"><ele>533.1</ele></trkpt>
<trkpt lat="45.092140" lon="-71.687590"><ele>533.5</ele></trkpt>
<trkpt lat="45.092170" lon="-71.686680"><ele>537.5</ele></trkpt>
<trkpt lat="45.092180" lon="-71.686430"><ele>537.0</ele></trkpt>
<trkpt lat="45.092190" lon="-71.686020"><ele>534.9</ele></trkpt>
<trkpt lat="45.092190" lon="-71.685660"><ele>532.8</ele></trkpt>
<trkpt lat="45.092180" lon="-71.685149"><ele>530.2</ele></trkpt>
<trkpt lat="45.092180" lon="-71.684900"><ele>529.1</ele></trkpt>
<trkpt lat="45.092180" lon="-71.684640"><ele>528.2</ele></trkpt>
<trkpt lat="45.092170" lon="-71.684479"><ele>527.8</ele></trkpt>
<trkpt lat="45.092210" lon="-71.684140"><ele>526.4</ele></trkpt>
<trkpt lat="45.092270" lon="-71.683640"><ele>524.9</ele></trkpt>
<trkpt lat="45.092300" lon="-71.683390"><ele>524.3</ele></trkpt>
<trkpt lat="45.092310" lon="-71.683320"><ele>524.1</ele></trkpt>
<trkpt lat="45.092290" lon="-71.683130"><ele>524.4</ele></trkpt>
<trkpt lat="45.092280" lon="-71.682890"><ele>524.3</ele></trkpt>
<trkpt lat="45.092210" lon="-71.682450"><ele>524.4</ele></trkpt>
<trkpt lat="45.092210" lon="-71.682380"><ele>524.1</ele></trkpt>
<trkpt lat="45.092220" lon="-71.682320"><ele>523.6</ele></trkpt>
<trkpt lat="45.092280" lon="-71.682149"><ele>521.8</ele></trkpt>
<trkpt lat="45.092360" lon="-71.681920"><ele>519.3</ele></trkpt>
<trkpt lat="45.092360" lon="-71.681900"><ele>519.1</ele></trkpt>
<trkpt lat="45.092400" lon="-71.681600"><ele>516.8</ele></trkpt>
<trkpt lat="45.092380" lon="-71.681440"><ele>516.0</ele></trkpt>
<trkpt lat="45.092290" lon="-71.681040"><ele>515.0</ele></trkpt>
<trkpt lat="45.092260" lon="-71.680940"><ele>515.2</ele></trkpt>
<trkpt lat="45.092180" lon="-71.680710"><ele>517.1</ele></trkpt>
<trkpt lat="45.092100" lon="-71.680480"><ele>522.5</ele></trkpt>
<trkpt lat="45.092020" lon="-71.680250"><ele>529.6</ele></trkpt>
<trkpt lat="45.091940" lon="-71.680030"><ele>535.7</ele></trkpt>
<trkpt lat="45.091900" lon="-71.679920"><ele>537.1</ele></trkpt>
<trkpt lat="45.091910" lon="-71.679779"><ele>534.7</ele></trkpt>
<trkpt lat="45.091930" lon="-71.679530"><ele>530.0</ele></trkpt>
<trkpt lat="45.091930" lon="-71.679500"><ele>529.3</ele></trkpt>
<trkpt lat="45.091980" lon="-71.679290"><ele>524.1</ele></trkpt>
<trkpt lat="45.092050" lon="-71.679050"><ele>519.5</ele></trkpt>
<trkpt lat="45.092120" lon="-71.678780"><ele>516.3</ele></trkpt>
<trkpt lat="45.092140" lon="-71.678560"><ele>515.0</ele></trkpt>
<trkpt lat="45.092190" lon="-71.678060"><ele>513.9</ele></trkpt>
<trkpt lat="45.092190" lon="-71.678040"><ele>513.9</ele></trkpt>
<trkpt lat="45.092190" lon="-71.677800"><ele>514.0</ele></trkpt>
<trkpt lat="45.092190" lon="-71.677550"><ele>514.1</ele></trkpt>
<trkpt lat="45.092190" lon="-71.677290"><ele>514.2</ele></trkpt>
<trkpt lat="45.092180" lon="-71.677040"><ele>514.2</ele></trkpt>
<trkpt lat="45.092180" lon="-71.676530"><ele>513.9</ele></trkpt>
<trkpt lat="45.092180" lon="-71.676270"><ele>513.7</ele></trkpt>
<trkpt lat="45.092180" lon="-71.676020"><ele>513.6</ele></trkpt>
<trkpt lat="45.092180" lon="-71.675929"><ele>513.6</ele></trkpt>
<trkpt lat="45.092190" lon="-71.675250"><ele>513.5</ele></trkpt>
<trkpt lat="45.092190" lon="-71.675000"><ele>513.6</ele></trkpt>
<trkpt lat="45.092200" lon="-71.674750"><ele>513.8</ele></trkpt>
<trkpt lat="45.092200" lon="-71.674490"><ele>514.1</ele></trkpt>
<trkpt lat="45.092210" lon="-71.674240"><ele>514.4</ele></trkpt>
<trkpt lat="45.092220" lon="-71.673730"><ele>514.9</ele></trkpt>
<trkpt lat="45.092220" lon="-71.673640"><ele>514.9</ele></trkpt>
<trkpt lat="45.092220" lon="-71.673470"><ele>515.1</ele></trkpt>
<trkpt lat="45.092220" lon="-71.673220"><ele>515.3</ele></trkpt>
<trkpt lat="45.092220" lon="-71.672450"><ele>516.2</ele></trkpt>
<trkpt lat="45.092220" lon="-71.672200"><ele>516.4</ele></trkpt>
<trkpt lat="45.092220" lon="-71.672200"><ele>516.4</ele></trkpt>
<trkpt lat="45.091780" lon="-71.672190"><ele>516.8</ele></trkpt>
<trkpt lat="45.090340" lon="-71.672160"><ele>521.9</ele></trkpt>
<trkpt lat="45.090160" lon="-71.672160"><ele>522.7</ele></trkpt>
<trkpt lat="45.088960" lon="-71.672130"><ele>527.8</ele></trkpt>
<trkpt lat="45.088720" lon="-71.672160"><ele>528.3</ele></trkpt>
<trkpt lat="45.088540" lon="-71.672170"><ele>528.6</ele></trkpt>
<trkpt lat="45.088010" lon="-71.672220"><ele>529.1</ele></trkpt>
<trkpt lat="45.087829" lon="-71.672240"><ele>529.2</ele></trkpt>
<trkpt lat="45.087649" lon="-71.672260"><ele>529.2</ele></trkpt>
<trkpt lat="45.087470" lon="-71.672270"><ele>529.2</ele></trkpt>
<trkpt lat="45.087330" lon="-71.672290"><ele>529.1</ele></trkpt>
<trkpt lat="45.086930" lon="-71.672270"><ele>528.9</ele></trkpt>
<trkpt lat="45.086750" lon="-71.672260"><ele>528.8</ele></trkpt>
<trkpt lat="45.086210" lon="-71.672240"><ele>528.1</ele></trkpt>
<trkpt lat="45.086030" lon="-71.672230"><ele>527.9</ele></trkpt>
<trkpt lat="45.085670" lon="-71.672220"><ele>527.3</ele></trkpt>
<trkpt lat="45.084050" lon="-71.672150"><ele>523.5</ele></trkpt>
<trkpt lat="45.083870" lon="-71.672140"><ele>522.9</ele></trkpt>
<trkpt lat="45.083329" lon="-71.672120"><ele>520.9</ele></trkpt>
<trkpt lat="45.082790" lon="-71.672100"><ele>519.5</ele></trkpt>
<trkpt lat="45.082070" lon="-71.672070"><ele>518.3</ele></trkpt>
<trkpt lat="45.081180" lon="-71.672030"><ele>517.9</ele></trkpt>
<trkpt lat="45.080820" lon="-71.672010"><ele>517.9</ele></trkpt>
<trkpt lat="45.080280" lon="-71.672020"><ele>517.9</ele></trkpt>
<trkpt lat="45.080100" lon="-71.672020"><ele>517.9</ele></trkpt>
<trkpt lat="45.079920" lon="-71.672020"><ele>517.9</ele></trkpt>
<trkpt lat="45.079200" lon="-71.672020"><ele>517.9</ele></trkpt>
<trkpt lat="45.079020" lon="-71.672020"><ele>517.9</ele></trkpt>
<trkpt lat="45.078480" lon="-71.672020"><ele>517.9</ele></trkpt>
<trkpt lat="45.077940" lon="-71.672020"><ele>517.9</ele></trkpt>
<trkpt lat="45.077760" lon="-71.672030"><ele>517.9</ele></trkpt>
<trkpt lat="45.077039" lon="-71.672030"><ele>517.9</ele></trkpt>
<trkpt lat="45.076320" lon="-71.672030"><ele>517.9</ele></trkpt>
<trkpt lat="45.075600" lon="-71.672030"><ele>517.9</ele></trkpt>
<trkpt lat="45.075420" lon="-71.672040"><ele>517.9</ele></trkpt>
<trkpt lat="45.075240" lon="-71.672040"><ele>517.9</ele></trkpt>
<trkpt lat="45.075060" lon="-71.672040"><ele>517.9</ele></trkpt>
<trkpt lat="45.074890" lon="-71.672040"><ele>517.9</ele></trkpt>
<trkpt lat="45.074779" lon="-71.672040"><ele>517.9</ele></trkpt>
<trkpt lat="45.074710" lon="-71.672050"><ele>517.9</ele></trkpt>
<trkpt lat="45.074680" lon="-71.672070"><ele>517.9</ele></trkpt>
<trkpt lat="45.074640" lon="-71.672110"><ele>517.9</ele></trkpt>
<trkpt lat="45.074560" lon="-71.672200"><ele>517.9</ele></trkpt>
<trkpt lat="45.074560" lon="-71.672200"><ele>517.9</ele></trkpt>
<trkpt lat="45.074340" lon="-71.672000"><ele>517.9</ele></trkpt>
<trkpt lat="45.074150" lon="-71.671800"><ele>517.9</ele></trkpt>
<trkpt lat="45.073910" lon="-71.671560"><ele>517.9</ele></trkpt>
<trkpt lat="45.073700" lon="-71.671340"><ele>517.9</ele></trkpt>
<trkpt lat="45.073700" lon="-71.671340"><ele>517.9</ele></trkpt>
<trkpt lat="45.073800" lon="-71.671130"><ele>517.9</ele></trkpt>
<trkpt lat="45.073900" lon="-71.670910"><ele>517.9</ele></trkpt>
<trkpt lat="45.074000" lon="-71.670700"><ele>517.9</ele></trkpt>
<trkpt lat="45.074110" lon="-71.670490"><ele>517.9</ele></trkpt>
<trkpt lat="45.074210" lon="-71.670280"><ele>517.9</ele></trkpt>
<trkpt lat="45.074280" lon="-71.670120"><ele>517.9</ele></trkpt>
<trkpt lat="45.074340" lon="-71.669820"><ele>517.9</ele></trkpt>
<trkpt lat="45.074440" lon="-71.669330"><ele>517.9</ele></trkpt>
<trkpt lat="45.074460" lon="-71.669240"><ele>517.9</ele></trkpt>
<trkpt lat="45.074470" lon="-71.668820"><ele>517.9</ele></trkpt>
<trkpt lat="45.074480" lon="-71.668570"><ele>517.9</ele></trkpt>
<trkpt lat="45.074490" lon="-71.668350"><ele>517.9</ele></trkpt>
<trkpt lat="45.074540" lon="-71.668070"><ele>517.9</ele></trkpt>
<trkpt lat="45.074570" lon="-71.667880"><ele>517.9</ele></trkpt>
<trkpt lat="45.074770" lon="-71.667380"><ele>517.9</ele></trkpt>
<trkpt lat="45.074800" lon="-71.667300"><ele>517.9</ele></trkpt>
<trkpt lat="45.075069" lon="-71.666749"><ele>517.9</ele></trkpt>
<trkpt lat="45.075170" lon="-71.666540"><ele>517.9</ele></trkpt>
<trkpt lat="45.075380" lon="-71.666120"><ele>517.9</ele></trkpt>
<trkpt lat="45.075390" lon="-71.666079"><ele>517.9</ele></trkpt>
<trkpt lat="45.075650" lon="-71.665460"><ele>517.9</ele></trkpt>
<trkpt lat="45.076110" lon="-71.664370"><ele>517.9</ele></trkpt>
<trkpt lat="45.076290" lon="-71.663929"><ele>517.9</ele></trkpt>
<trkpt lat="45.076390" lon="-71.663710"><ele>517.9</ele></trkpt>
<trkpt lat="45.076430" lon="-71.663610"><ele>517.9</ele></trkpt>
<trkpt lat="45.076460" lon="-71.663480"><ele>517.9</ele></trkpt>
<trkpt lat="45.076530" lon="-71.663240"><ele>517.9</ele></trkpt>
<trkpt lat="45.076600" lon="-71.663010"><ele>517.9</ele></trkpt>
<trkpt lat="45.076670" lon="-71.662770"><ele>517.9</ele></trkpt>
<trkpt lat="45.076790" lon="-71.662350"><ele>517.9</ele></trkpt>
<trkpt lat="45.076810" lon="-71.662300"><ele>517.9</ele></trkpt>
<trkpt lat="45.076900" lon="-71.662090"><ele>517.9</ele></trkpt>
<trkpt lat="45.076960" lon="-71.661940"><ele>517.9</ele></trkpt>
<trkpt lat="45.077000" lon="-71.661880"><ele>517.9</ele></trkpt>
<trkpt lat="45.077219" lon="-71.661490"><ele>517.9</ele></trkpt>
<trkpt lat="45.077320" lon="-71.661260"><ele>517.9</ele></trkpt>
<trkpt lat="45.077460" lon="-71.660970"><ele>517.9</ele></trkpt>
<trkpt lat="45.077490" lon="-71.660820"><ele>517.9</ele></trkpt>
<trkpt lat="45.077500" lon="-71.660720"><ele>517.9</ele></trkpt>
<trkpt lat="45.077500" lon="-71.660560"><ele>517.9</ele></trkpt>
<trkpt lat="45.077490" lon="-71.660310"><ele>517.9</ele></trkpt>
<trkpt lat="45.077480" lon="-71.660060"><ele>517.9</ele></trkpt>
<trkpt lat="45.077480" lon="-71.659950"><ele>517.9</ele></trkpt>
<trkpt lat="45.077490" lon="-71.659800"><ele>517.9</ele></trkpt>
<trkpt lat="45.077500" lon="-71.659290"><ele>517.9</ele></trkpt>
<trkpt lat="45.077520" lon="-71.658779"><ele>517.9</ele></trkpt>
<trkpt lat="45.077520" lon="-71.658660"><ele>517.9</ele></trkpt>
<trkpt lat="45.077520" lon="-71.658270"><ele>517.8</ele></trkpt>
<trkpt lat="45.077520" lon="-71.657710"><ele>517.2</ele></trkpt>
<trkpt lat="45.077540" lon="-71.656950"><ele>515.6</ele></trkpt>
<trkpt lat="45.077550" lon="-71.656440"><ele>514.7</ele></trkpt>
<trkpt lat="45.077560" lon="-71.655930"><ele>513.9</ele></trkpt>
<trkpt lat="45.077570" lon="-71.655680"><ele>513.3</ele></trkpt>
<trkpt lat="45.077560" lon="-71.655500"><ele>512.7</ele></trkpt>
<trkpt lat="45.077550" lon="-71.655310"><ele>512.1</ele></trkpt>
<trkpt lat="45.077560" lon="-71.655250"><ele>511.9</ele></trkpt>
<trkpt lat="45.077570" lon="-71.655000"><ele>511.0</ele></trkpt>
<trkpt lat="45.077590" lon="-71.654490"><ele>509.3</ele></trkpt>
<trkpt lat="45.077599" lon="-71.654230"><ele>508.4</ele></trkpt>
</trkseg></trk></gpx>
